-- phpMyAdmin SQL Dump
-- version 4.8.5
-- https://www.phpmyadmin.net/
--
-- Servidor: 127.0.0.1
-- Tiempo de generación: 27-08-2023 a las 04:34:19
-- Versión del servidor: 10.1.38-MariaDB
-- Versión de PHP: 7.3.2

SET SQL_MODE = "NO_AUTO_VALUE_ON_ZERO";
SET AUTOCOMMIT = 0;
START TRANSACTION;
SET time_zone = "+00:00";


/*!40101 SET @OLD_CHARACTER_SET_CLIENT=@@CHARACTER_SET_CLIENT */;
/*!40101 SET @OLD_CHARACTER_SET_RESULTS=@@CHARACTER_SET_RESULTS */;
/*!40101 SET @OLD_COLLATION_CONNECTION=@@COLLATION_CONNECTION */;
/*!40101 SET NAMES utf8mb4 */;

--
-- Base de datos: `bdmma`
--

-- --------------------------------------------------------

--
-- Estructura de tabla para la tabla `atletas`
--

CREATE TABLE `atletas` (
  `id` int(11) NOT NULL,
  `id_club` int(11) NOT NULL COMMENT 'foranea referenciada de la tabla clubes',
  `cedula` varchar(15) NOT NULL,
  `nombre` varchar(40) NOT NULL,
  `apellido` varchar(40) NOT NULL,
  `peso` varchar(15) NOT NULL,
  `estatura` varchar(15) NOT NULL,
  `fechadenacimiento` date NOT NULL,
  `telefono` varchar(20) NOT NULL,
  `sexo` varchar(10) NOT NULL,
  `deportebase` varchar(20) NOT NULL COMMENT 'deporte que practica el atleta',
  `categoria` varchar(20) NOT NULL COMMENT 'categoria al que pertenece el atleta',
  `fechaingresoclub` date NOT NULL COMMENT 'fecha que ingreso al club el atleta',
  `entrenador` varchar(40) NOT NULL COMMENT 'nombre del entrenador del atleta'
) ENGINE=InnoDB DEFAULT CHARSET=latin1;

--
-- Volcado de datos para la tabla `atletas`
--

INSERT INTO `atletas` (`id`, `id_club`, `cedula`, `nombre`, `apellido`, `peso`, `estatura`, `fechadenacimiento`, `telefono`, `sexo`, `deportebase`, `categoria`, `fechaingresoclub`, `entrenador`) VALUES
(3, 18, '29831184', 'Diego', 'Aguilar', '60', '1.68', '2002-12-22', '04122448721', 'Masculino', 'Karate', 'Categoria 2', '2022-10-30', 'Raul Aguilar'),
(28, 19, '29604245', 'Ruander', 'Cuello', '70', '1.71', '2002-10-05', '04245143086', 'Masculino', 'Boxeo', 'Categoria 1', '2020-03-12', 'Carlos'),
(29, 87, '33554583', 'ruanyer cuello', 'cuello verde', '75', '1.67', '2010-03-04', '04126569680', 'Masculino', 'Boxeo', 'Categoria 2', '2022-03-07', 'chivo'),
(30, 88, '32722063', 'gregorio', 'verde', '65', '1.50', '2006-01-07', '04140503729', 'Masculino', 'Kapoeira', 'Categoria 3', '2019-04-12', 'Juan'),
(31, 18, '31111442', 'Ruangel', 'cuello', '69', '1.67', '2005-09-03', '04146093434', 'Masculino', 'Karate', 'Categoria 3', '2019-09-07', 'rodrigo'),
(32, 87, '28484205', 'Greiber', 'Rojas', '68', '1.67', '2001-02-12', '04138473829', 'Masculino', 'Judo', 'Categoria 2', '2020-12-12', 'Ricardo'),
(33, 88, '28474538', 'Carla', 'perez', '68', '1.60', '1999-08-12', '04245674329', 'Femenino', 'Taekwondo', 'Categoria 2', '2022-03-12', 'Jorge'),
(34, 88, '1817213', 'Genesis', 'barraez', '69', '1.50', '1990-11-12', '04123456768', 'Femenino', 'Kapoeira', 'Categoria 3', '2014-12-12', 'Sebastian'),
(35, 18, '25235364', 'Elizabeth', 'Martines', '73', '1.62', '2000-03-12', '04246753890', 'Femenino', 'Boxeo', 'Categoria 3', '2012-03-12', 'lucas'),
(36, 19, '45435345', 'joanna', 'carrasco', '64', '1.50', '1976-04-23', '04245678932', 'Femenino', 'Boxeo', 'Categoria 3', '2018-03-31', 'Ricardo perez'),
(37, 87, '28545302', 'Ender', 'torres', '73', '1.80', '2002-03-12', '04245681234', 'Femenino', 'Boxeo', 'Categoria 3', '2017-03-12', 'Carlos'),
(38, 18, '6765453', 'Alex', 'mejia', '58', '1.78', '1990-02-13', '04145670489', 'Masculino', 'Judo', 'Categoria 2', '2022-12-21', 'Gregorio'),
(39, 88, '43543453', 'Pedro', 'verde', '56', '1.70', '1998-03-21', '04145678712', 'Masculino', 'Boxeo', 'Categoria 2', '2020-03-11', 'Luis'),
(40, 88, '3253477', 'Braulio', 'morales', '57', '1.80', '1999-03-21', '04245678912', 'Masculino', 'Kapoeira', 'Categoria 2', '2014-03-04', 'ricardo'),
(41, 88, '7876854', 'Leo', 'Pineda', '55', '1.69', '1999-03-14', '04123456789', 'Masculino', 'Karate', 'Categoria 3', '2020-02-04', 'Lujian'),
(42, 88, '4542324', 'Roselianny', 'Pineda', '60', '1.55', '1999-03-21', '04124568890', 'Femenino', 'Kapoeira', 'Categoria 2', '2019-03-21', 'Ricardo'),
(55, 19, '27199177', 'jesus', 'canelon', '62', '1.73', '2001-11-12', '04245809452', 'Masculino', 'Taekwondo', 'Categoria 1', '2023-03-17', 'mario caston'),
(56, 87, '24123134', 'jose', 'perez', '70', '1.70', '1999-11-23', '04245809452', 'Masculino', 'Kapoeira', 'Categoria 1', '2023-03-17', 'luis perdomo');

-- --------------------------------------------------------

--
-- Estructura de tabla para la tabla `bitacora_usuario`
--

CREATE TABLE `bitacora_usuario` (
  `id` int(11) NOT NULL,
  `cedula_usuario` int(11) NOT NULL COMMENT 'foranea de tabla usuarios para tomar cedula',
  `id_modulo` int(11) NOT NULL COMMENT 'foranea de tabla modulos',
  `fecha_registro` date NOT NULL COMMENT 'fecha que realizo accion el usuario',
  `hora_registro` time NOT NULL COMMENT 'hora que realizo accion el usuario',
  `accion_realizada` text NOT NULL COMMENT 'accion que realizo el usuario'
) ENGINE=InnoDB DEFAULT CHARSET=latin1;

--
-- Volcado de datos para la tabla `bitacora_usuario`
--

INSERT INTO `bitacora_usuario` (`id`, `cedula_usuario`, `id_modulo`, `fecha_registro`, `hora_registro`, `accion_realizada`) VALUES
(11, 29831184, 2, '2023-08-26', '16:43:46', 'Jbsx9W8uY4Iza2Osv1vc9t3dE6ZEoMfkChdBoufLGV+bm+FnCKTBx4SeoPIcW+ac02e2AcPfmB7jKZq8Hbfwjx6JT4uk5OuuSZQaT1eWBEP5LYan00Cr0NGLrOPDeIK/tEhqVc6tD3vZaPtkj59+gvq+XIRdp9LCDB6QdZRblq/KXQLk7WOrYAiDznRbGBU1LE7oVShk4LliUNEZQLdnnY+2NQXGVm/bSw9oD2qV5Nz48kLiTD7eYiGYa7nIY6PJ4yvqPM/bL8Y0uGsdMPCkH1uQdeXJez+GkefZSpSqMZdkI5B/7HRM5+GuXs9guVeouvsdWS0RtCRTZ+5F2VIuTA=='),
(12, 29831184, 2, '2023-08-26', '16:43:48', 'agwCOzQotrD6qo37bkaUkfPXy40XYf4XQImXK0nTO2Fe+t/nLa6p7z58lDUmkhV3Wx3QsO0Z1xofA2tGq4+Wa6VbcwW342e7ruTHTAPPkPOjlWI/zyHMaMjXNS+UfGbH9iL97aWbFOIpQ5e98eItsI9/mw+G8bTeVtLMHR/Z0cINj7smTBghcAd0cktGiZTtliOpJiXAYs5b5BzZxA6bF+rAN+famn/rATFWqq4+nJAwLuf3ONyoTwPWqgVqRSweqPBPxSbVzQDA8jPqV3MDZ02fV5LYq5UEHI3Oxr9GNU2g9u1zsmIrSEKC2SYgy5BzSi1Zdd3F8CnywpKyxdGE8w=='),
(13, 29831184, 2, '2023-08-26', '16:43:50', 'hw2DMMkOnEoqEmy4Lutl2fHhEk2ESuoG0IJSmeezGpUpjscdCNeF0QSR184C8cm0iAWiH416gmiwxBF66oSk0gS7ionm833TpsedPbTuLiKoPxGGmipZ7b8ZeLLLBnJX+U4Rh+TkiiWoNTs38qFed/ZGh05dCzdRQBcfwydLFcMMCP3jjyBjBi7QF9fCqlm/1QMWiq4QrSH7NfbQqdYq+JQFXIcpru4FJ5UXcMcf0akObGB7bJJ/St+JiRUcVHJtu3zvWegGrUrY6PKsPWcHEtr3vjeJ51s3PsZ2oMfgw1KInWfOt3C0zltKBxlS7JHXLODRMXl78qsWfRhU5SqAtg=='),
(14, 29831184, 2, '2023-08-26', '16:43:51', 'j6sf/S3MpfXZ6CZdheL956Ldug+2NqYLsgaLy0recMYEcpBZtzX2rQni9KvR4MGbZCr1Q+hsXbztJ+KTaXh3aa8yAP10CkKuwXzjQAZvkUF6I0opWFDY+gkv1RFDPLZkWARoCLkMysVaA3Fuim0Qvf4lfwvwNxqyn6kEnI73wx8KPKy5TD+kOoqxZnlvwThWcQXWO+J9CirwqXGR3o0HGFVNVHDYMjjJKfWrIJhCKqecmOSNnO2AezL15EVYDSoFCZkBwUC+xcc411rczmYbkq7RK/WpxIBcIVUb2Ao+2AoeLtat0vvROCXS4oorRBIRfjoUMLT20cqOpK7174/I6g=='),
(15, 29831184, 2, '2023-08-26', '16:56:56', 'FrwreGKi3aHWlW9jbF04MwOkNxwVRTh08oEWkYKfxltKgYoB0Kc4UD5PtZN0mT1mVa2y+7hh/aIFI4h83dwK5Eic2x4lFyaKLLUEq7E/EMZmLG8UYAv7jEv31MEogAoD3ES6djaC6rlWjT3cwgunBrohJvFbSiuCfSMAEG7hk4QWzU4RkPHjg3zLY2sDjZGEu1bH5qxM6fruJ3fFDKupU64ACgFd0StEt7xdaohbNcOILjymCu5RJNZVBIe/IzAMzBsvJtbQwIWuUnMv7XrlrwEvKUcSPqNbyHBTI0G8hIef1FJ14u4P742GMtEKZa06VGmrqk7CYujH41dFrPhbWw=='),
(16, 29831184, 1, '2023-08-26', '16:56:59', 'mMx3uxmjEh9JxShfbKdtDZALmehoJYovSLs5UHAUF8ND9TDs2wGU4HwKpseg7NG0371ow2D+Vr3LM8qHNOUKvlwIWqnS24C22NMOqMphC53wx9plg/9+cSboDz3Y+SLs15wqxrGdh6VGcU1n2Ol4tf+sQ+loN3sV77AUwFqFGO2vu+B9PUkhHIrtTnn6acVpPpukOMbwfQ1kxk2fIec8J6Jz4W6GxffWW8oQwXbeG/BJKe1QsB3OIeBkrXIxDCmJWzaBgSGRPXYR7sCtxkRSTw7IO0x/2NKmwZwDNbWzSBANA8S6vdjIAXpetlZqGhweNHaVhD2nRMoze/HuuWfddw=='),
(17, 29831184, 4, '2023-08-26', '16:57:51', 'nbbGhOY42FHHfU9MYSc7hqtEk6luZy4fCtVrQzvTXYFAozaL44rUXPXI9kUrjsfdM0ma3PlJTc9wNSZqsZl2wHIEbFarPE1K9CnRREYIcJHM5yqDwKDSt0L/HOdfGeP+7dr2q/agX1on2Nfv2F+k+vdy5+8t4LaTZG7c8ygeFUk8FKiVJoorcSIqT+eloNKdW+pndGqYU9vdkPNAG/J9zuReSbUOIj2smH1h/wJivJPNOMw3I0V972AW1a6TL1Mi1e1Qn5nwokdT576DhKKiggl9+j7KKeVizuffh9iJRveexxUF0ioJKCazCFzPQ+X/Nx1vwnGcefTi4zpMkwgvjg=='),
(18, 29831184, 5, '2023-08-26', '16:58:15', 'pefgyE/U4wBoGki+DA57KPIB9e/i0Jw5cCd4+58yIf6kvV1xgxnT031GMSfTtsbtDxpIElisG086y+byAW4L2EzCOKf2QxDv3B+jZ5XGTx1oyBIj+Gwc0245PSXShdIZv+EqiVaTtsGor4fviZurLkEFwN76Xc2ZUWz1ak7AmlECIVLZVrvUpwcIu9OPN3IBP1Q1/JZSUOdDue09cT8Gu13aRK7sbWRBybecsqIpD7nyLol8mNQvFsddVYsTJeA1SBsjPZusf2JhwW9AYjaiBg/f3djtcryTRSBlXiC1MK4dAK9QbciV6lSZjx74T2iS2Iby4Elw1HMeMfH4ssU2ng=='),
(19, 29831184, 6, '2023-08-26', '17:00:22', 'otpJ8vC0oz99x+NiyWQrnk6FBezZrm5QdmNpNyvxNOj7AC8NG94h0ZqnzGyREcWRl70RPbGzhr9DgNxntIxdQTcgua8mACZ7rwbJeP8mz6EYQHK+LRFpZxBmVI/uTpjC1zXnOTXkrQOAeWkYXZRLxrjifnmIiMgulkVY1T53+F0zy39F1vAVjsa1aPOQ0NX2CC/huSGnwbTLW1F/SZbEbuG83V3cbZ+DfttAZSxGUnT3N9uClJooaYVsfbKX+oMwFIvW/bLCytZPyHhG4KK22QvHUpZtJH1hUQqd1WWuduWc4NiPpc6mA4kiWd2YUgwjACisaF0UIbhmJ33P49lriw=='),
(20, 29831184, 6, '2023-08-26', '17:16:26', 'oQ0hwAynzyGgl1OTlRPgsw/6wH5ZwbklXYQqWIzEacAsmkB97ZA79dNYHrcf68Wg0qM5NCYutPsmmpaFlEbL4tGxbB70O5p3OWKZfkKUE/yypq/OodywB/+C9NYdxnPVI5oCdL2+glFgYMDK2ceB/szm2/obTHnSSezFZjsgU9qEpcmQ9gXRmUm+7uKBbNL8T4a9p0QNt1ZJ9rbpHP1TdwruXGbm8Is8mecYhuMFTneW5MDjN57ZPdQ6p71PZL5JAUbCssbTx6sAD0Mu9wh93sfey8QeR5VHg4bYTHt8Hb7lHf0RUAzM+BxeHvHUf921sh0MwSW2KCsf4uW1p72C0w=='),
(21, 29831184, 6, '2023-08-26', '17:17:11', 'mofbQVs4Dw4ifPOxgADikKn4wXbzT5Yyjv3E2bu9d3yDVxag2xS5PvQlozPgiVugMxOv4ti+0b0jvnr6jxEsVqPSu2V8fISEVLJmRHnQneL0/wWZ+tWwPAHbFJjwkW9/wI/p8JKF0/66tBnj87dhijHuaCx3CwBJ7Ow+QB10FNWA3b3SBA6cuu2KSmQ97PTJfpqWqe8k8hIp6eMkmRAXl3ndZV2yK0S13ncJ4i9HjHDPClc2RGEBC2bC72mKr4mYxkyIVFE0HA7os4V4VC1JcGO2pIwewhTkOERcgOYe7LaBNcWj2zLXVUIhWm3Lresn/3R75BgKQuGvi3xznCdYqw=='),
(22, 29831184, 2, '2023-08-26', '17:41:03', 'r0Y7D0mA37uh42e192a6w8mFX37dDoujuAfp7ongj/NHhJfKWeRFXZqlDaPxri5CZhRU2VdNyl5pSARd5louqE3Ez6FL8LMKtZKjLUbkB5ACD5schvhgG/TFtPEyMzOCdNvd37sBF2wm+xXMzdBGd84c0MwJqHWjKAn3EkPXaimAebjhIT40i9u69cRP7/pisVPgYFFswEtqKrJ4SK9/tFo6AWHdbuN5mPjbWivRz4e9fg4hXiJqEi595hceQREgtRgxiSeVFdsTEJ87ZyXEOv3R6riAP92RFCTiumsqaJLzl1AmZjPNdt30gxZyoS6ZAtb2vOXe0263MMp+LFYhHw=='),
(23, 29831184, 2, '2023-08-26', '17:41:47', 'GSBdba0hu0Y5Y06ncDOXOKyaIWXSSbTwvjigVj+1BgIi54bzgEkYILaVPAPjk5/taljxjRfByOtHjkcnHiYtsHUHviaNQLHQeMQRUvWxQ7TMm6qXbAD1+KNzC9lARjTlLVAGplW/fV27GX79dv1j85iylGNE/Ao6ugIX1O6bGwOxvIDBGustW5nfcsPU1kVIJlDiw7dShaKcrCTCdbkknEBXnJSUIdUj/XIxX+cufmMuF8D+42539gQfmjfoiUciCly3haoDAtpJnlnM73S7PWN6oFBL3zblNQ6uMyj8Gp7tDeA4Qq8OIzVWJBG/662/L8Lzh9MR/ZMSKhGK6SF80A=='),
(24, 29831184, 2, '2023-08-26', '17:42:16', 'VlhcliZNWlWE1YQZ3juEaCkGUzbY18ATNz0YS2asEamHf4YENwAS6jHAojtBFGp6zNkQewGRbqlwqiFaxThS7Fih51oRjpJXy34SKXNRGIz2edHddGj8OJGtvH8M9RbeLGqhJVI3TpFmaFgS/4U/REZNxpluf7DTxwTls13pMZvVTo0k81WnsEIorRx0Sjq3KIURR4exynJV6rZgcJMw85mpuKlDLeo0gX5N98mbJ/jDsIeLvwQygsX8RYLC3iVy61nU4JTm0FDncMP80FQZXCElmxjorKgagH9QO8DAQLv5qKaU7Op/r/zwbrA4oePzO8TU/WtKUvcD9YAdqEqZlA=='),
(25, 29831184, 2, '2023-08-26', '17:42:27', 'WQr0q8YlU17XQDgdt132xPNu8G5qGQPCfpPJryIedX9rdPDzbwNBBS2pDSJA4+4YjB43dehd8ANJLHcqJFjzsOSUIPYBXfGwRqVA2n4Swat+HAGdcN6YenGPFnlq/FIUqhfG91aGqg+wrWO+m5dMqsOpseHmZKBGJvxm6ZP0zvAzHKLlZAwN3y9N+AC5aFRACnpSBC4ZFRLN/P65O7rT2I0A+63/jc2EGdw9F/MOcASS7KaCd4+1ZrxJNfjOq2TV+9eOUm9VVTtLDoaN+vD6F5XoKOVlbZ7euaujWkonRjtpvLxalIwks8RQz++8+Qgop+3ES5jdRB5hbIxB9Ym6/g=='),
(26, 29831184, 2, '2023-08-26', '17:42:37', 'AJ0po4Qbm+xGZaX2h8NdPfBOi0hgSml/PEwvxFrTuKz0wl63mQkk2U2wmAQFZaSetOtxb6w+FbsKTru5QhuuhVj88xVvy0X5EY64llTm29wV4UFyvplVi1bM7HNlAqngKxFaOuSABVDN0+tHVOxYTYNtD+xJ3sf0oJQ5yVBaC7kKqwW3Ym/MZ74olx+/IVLzZvvWdrtmNsJ8Qcw7Bp2giaqjMtOC6LylfutqYa5SGHNlVC7uba8WlLXEuG3/O/FnsqAI00fAG6A3GcGA5/wiRcnXLCXVfREat3WDLV+ybf2m+UyH/BZrGPGb2Ja+0ujlsC7TjYd/EWtgy2m4xlc1GA=='),
(27, 29831184, 2, '2023-08-26', '17:45:33', 'Bs2Q3IXlOqAtTZzdI0JuQeEA5LNy1JzL55SxvAoTLXJSa+lrVwP97xkZbDLsBSa3Q7p02nRgzaAhEYMLTlF/4xQA7PL3HBCBvMIaDdt2CxrAVYYu2t8ZLHuvapUdPwDKrXkjRiaWVP1eupyq9QwHciaGeGeXMqAgqsZNbI+q36Da1sML0LuTBrXcqT0vMA5rhtY1qPw0HpUjjEYF0H6AoY5vtUgTt8BA57u+oCml9dGKPbOFtz0SIHa/M6VSRvTuBcauVucD5MAdVndrANDv9PcGDA5VuabxhfPML6izkKTd8jpYpydpV3iumlEyMwL2JLfB5IYoy9ot0/QleZ9S7w=='),
(28, 29831184, 2, '2023-08-26', '17:45:34', 'D1ywYD8sxW1D0zcCv/lmYCD5263/TUEFLLJuYrziW5duLjx3EIDF5xpy7fsTxTLQin2p6zDqote9xiPTuxc47yfSqGPEG5F2hHWwKeZ8pEQ+uCLrxnZ8CJmmyV/gjdQ+acyhNb123KRMi8WViwQK7izMBcntxZ2OcNjN10cQxxvYwbqzkn9et+5TxY0ZNeJBy8Wg46jzi988RkmxbAespzZzaIsiX8tCycxovODw9n4sdgcl87wbot/h30dueoZGymJEjhWo/IwtnmUg+R22DefA6t/9QZpEe9/y8u2X8NQCJiLag4xMJqRl4Dj0U1MQdL40lDphVo1lPYL5bSLY7g=='),
(29, 29831184, 2, '2023-08-26', '17:46:17', 'oJ37HuiBuDZ7SZtPLanKjQ5LbaRFYfnBWPjxVSE9YLRvmumihskzORWrFwtyJCCg6BcIKDmrEnJcOua1ORMyuxCn+r6bBkbfW+fZe4TgjlH37x5cobMwFkA9EeEyBWmGXnT7vFM9q1cWEmCfaggN7/cqcWc6RlnOWQL27J3qAfLF3QoaNMvOb75Lnv6uwauTedN/ouogf/7FsaQUI/EQk48RAx6lLp40xD9RlwCYq91Xpl/rUQlItQ/fXmJOb1ACECZPPhLCpAxBpD2ENCA/+D30V1vdA5pkhRs8TJjAd4A97edtmywDhT1AvDrB+nZhSo8qcJnA4AqBxtkfkpW0jQ=='),
(30, 29831184, 2, '2023-08-26', '17:46:18', 'WGpHjjfR2KUpVLDpHe8EdBX2f0GgoXhkK71rP2DKmUfFz1UL5lDtO6lLmvTTEZfZRLOwGVMIOGLGy9lCY+iiE13URFxih95EHCGqPzXyXvC1GPeoteonMYSCmSUNEp1lG0xsjNUJQJPnzQPqEpfktE12VKHM+x/LTHpTW6VkEpKD/z+g7RVVGtbzX7hcG8slyZuE2TIONiRc+aL5pqi/Yekh00n3xCCPd9neyTywopgdVsqxpxR4RUPrGGHd3jn3TnevcA2DF7XABSf4LW3AN3MeuHfA4Y8sR0XeGcl+DehVwyqqQDc5zDxG2MZV0Ywxcf/wzerzBCb8aMZfV3jknw=='),
(31, 29831184, 2, '2023-08-26', '17:46:32', 'PYZAcWtp9gSUCDKQMxEU28t1Dl91QceAVWH4WvQ4dGvZi07Ae95sC/frTXN/t2grlDFKslpsoxZ11IIHmYHTFXsEIHGPSC2JbfMB3GGO4GHISNVkX8iIUQKliZoVWNnS5yvIWNsp2g1Ocv/WgKH2amlL/ORXNzZuFGCwWZTuBAdMwQdYUqNpi5KTWrVqUPNaTjzR1NtujtgvkedMxHvBPgd8yWNmsK0YKdi1x72sL+S3H/l3UZ1ZOVnZ+0TJM6E1jzj8LiHr6H26qTBXTxVZ5G1mZViXL9QcPBXJs9bJLb4Ao6JNoVgoZJMZ+1/q43aXV48vh8vc7lgj5erMr8HwiQ=='),
(32, 29831184, 2, '2023-08-26', '17:46:32', 'Fc66c+AkmjrPulg+ysswS64FdNnG9mm5x+CPOSZjY9XVU64U8EiU21roFy6Ts0CyoYpYPA/KVAXLSWjFk21rcmQ4t9JF/Vi3pIOM0cWsVdg8jLQjVrCVyOlckSO6IIwYB32rEd2HYsfyPmtfUNCz9r8HWVGiex5X4k963L6LP9J60b0u8HQJAYE/l9D+PuM3TNKqNiQduSXtC5FLOGqYRmK2EYHIjWGweKFMrJGwqvS5AGvcdF3Nf3zXZkCZWxBszD/IOmHy/20ZRX1XTljW1zvV5JjHA8IV3TbjlA0nyJbL4MJY2yDuZrSKRKcS4Hgf3nf2TDLD8LsP1KR6DEwOMg=='),
(33, 29831184, 2, '2023-08-26', '17:46:41', 'FUwY3BISZIcx9RkUGOJOJ4OZNPzSprDG83C+W+dTVcDyWZSWgQHBIM0I1u8utfWeMmLvAOUCOC72L1ALdDF92tmR3E+qk5oWDXV8dkb0xf2hFfIEnOy6us6e4LWZ+P8wMPYQV9xp4Zo9rjeSDv6H0uCtcQ6kAt6sQOdrQUr0mIQa9SpQZKqsuO818c8xWSFGpOAp/vi6e63eoeijQjYeAP2ZY2Amn18uWuDA7F1AWAdmbbsW6dHU9PS44vnBoQ2u167GXK5lAKPBUsZHn7sP1WW0tMPhf5KuOe83WLYpM1FhQVjYouUw8xRzqJYk4TUKT2pJjgK5IyMdUttNnomxNw=='),
(34, 29831184, 2, '2023-08-26', '17:46:42', 'Wm3ocTxqbMJVFe5uwrh6mzB2M5NLKRUvG8+LtSMr7YQwnVXmgqjCQ2dq7YTHYJrQKkO1vZc7NTk9XFGLCDFH+wNLld1aBdRgFrLXWJQdU7ceLQcwPwcUgsSoFAas8rcY1prAIsD0aTiECmYulR6fXP3GJeIQy5tE0aQNPb392XKps2OJ4xsYfUadKbFTaBUXClvEUcOeanQDfgaH1vhkS1CvauRhhI/v1iYzxgnJcfLyDVXeebDXaxa+aI+kDiTOAVrTQxecWM+D01aeImDCcYyv24jvlMpnJMLL1Fm+ziXZJKuv6gjLbKlrh5pGx4E2iImtVQemXM6PMZX+2nQu5Q=='),
(35, 29831184, 2, '2023-08-26', '17:46:50', 'ghXe24UjnmbPz7tLuDnhSlmFR4FNbrd34mvx5MObdxrI4Kfn1CE07afodYrID56YtSY5ZkD1Ln/CPMxfBRJyJ0LQCzg7aMcFR+2F+LS+n3dcqUzsxYS6+WLI2HrTPMruipGYjPcGtvcElW6YzGI7wOgrcNOcZSpP/F3UGvqVCwy78l7Tl+kc2zJnb4oUlXVZAkkAxYLcrrqMXoFtMYqz2IFsyPztdDfGWCPV4w+yxghHj8JBZyhuzHyjhm3HvYdvtGmwI+RGS+JNJyM8rGkZmS1fJDx9n5xCnede5XrZzSISbuPydBS4h/ciEiwlcrFGSLe2LIPeEsyQMtoO5aE5Iw=='),
(36, 29831184, 2, '2023-08-26', '17:46:50', 'p+lioqhTc2bLdqZjAa2BxE1UsaA/RDSStnVXwrA3UPrzjX/y4BQy/Tp6PK974S/rlkQNNTml2GbxldLiHnNKlE0Wh4E3Bl5uSjICsjAUKpTrKIxh92ICLbh2d5Vf/op9IJyPSE7XOREuXd78GxKM9Zn6cgb/teQZoVMmJwh0QXik9Qu8oZ3ZQANcfRp26PxrdwpGY67s7RZLwx9QhJAlqA2v12F+Vm3uVfmvJ5l8BiRDn+z1YDn7EUXwlbOuQ6OPjmF48Z/FprZF6hf5AoQspxfvz/4KPs7qZNNdOD8h1o5GZRYtYixFDQusATPtTE4yfaWq/s4vCVI4af1HvsnbKQ=='),
(37, 29831184, 2, '2023-08-26', '17:46:59', 'Y2cvR7hik7q8bh85pYg3kWwV3WerG8lkxdawGmdQoxNQJw01wtgWmRIJiFrM70iZmvfSoEFIVvr2cb7iBWZNw1dpYEBTf5Hv3xld8oBHIjAjwRxh408zQuvMzlvSRFR4S2FBCK1b6esrEl6ppIEfStvayHU89dAcjN92Ky/kYigvAJXzqvz+2dl6/9NC5C2+/ta/mFtTj/8boJVV4HK8cVoTleF9MXK9IxOY8xHOt9qpSVzCLdbngY3CdFtrVnBGC0wykRR5V7vFiVjWqODqUWhfXfznUv2AdkJu84l09epX0bJtbcqROCdHg5/AjAizQKm5bsvvYOsXXij/HT+KSg=='),
(38, 29831184, 2, '2023-08-26', '17:47:00', 'PiLh5WGXeUJHM8R1G01msqwJCbEPSxqJHaBiF6wXBseYSMOQPVrU5VeGQ/z3mu8ZPL4JDJOjucZcMZzIuh4b7SWJcXtiZje4GO164mtmC6RVUGBrm4OGMhPNOFlIlDzDHaCm10D4v/Qu/EoSS3zFL4wdce5GSq7F7QDAz92Mp1P/m7FuIevyYuJhig8l+hYrnj2uhHCxCs30oOKRpYroEnkzCBih76YdU2gv10RTvxdR29QbjMKjSoRsr0cbcij5p/AJo2zUsLa5xeGXXy2hlwkxCPDHR8w9Gd3xJwKLVqMygVCKjYn4+3us2oxHTX2j8lJJC7hLY8QzVAcXKvv33g=='),
(39, 29831184, 2, '2023-08-26', '17:47:05', 'fr3M2E6fa+Rc5+lnXj9wiuOOm+1FHjQXaOI72E+7LEvV2sISA14XcA7TQ5y3l2EaVJlxLm9EfuPu0X4Sx83tVe7alQyS/DqSqj2H4XSIlsXRaPLM58lEwoDspRgC9SdJi5dnxzPS+7crOmMzDXfY1m8kjUFnCa5hgd1drOKfL4MX4aq2rMn7ajUitVSjSTRLTyM9jIs/tT6cuPgR/8SIuZUlp2gnSEhxFEuTWYpY0E1uUrZbVXai4YUju+dOo5/8fvyFjuzmOPY8UVWMikntXz0dcg7RAeZYArp6ed2DgiHVy5dJj4hMeg5lVg/sS8UY21ACZTcEeTq7j3F6y0ukvQ=='),
(40, 29831184, 2, '2023-08-26', '17:47:06', 'cMlfordGkqt3oc3Sp8BqX1yGXo5PtS3g8+fPi7bqz4zOvGzr3U/Ku6noGDEazOS3GYJwC/2FSB/iZY7ci00Fj3vuePHNGQ0wjCofc84zzVf5nHAEPJ5r3a/UX/reRf5qNv3cecWu5mf+0i2VKNpJ2dJsdPFQ1imrE/C9ccv58z6ZfChTVxYroChNKt4wuwufXIFT9J06bPsTCoL5rTIKLtVv9Wnu3NXCOqmD3gfDxiwQAv/TmkfBEKENc02a/85BRWfrBEjrkE5G+skpaRC7nhgr8hzhEHv1TRFjKTkjNXkrkSJU66SJkwe753h+YlAAMU+ePnJR9gCu3sM+ATySTg=='),
(41, 29831184, 2, '2023-08-26', '17:47:20', 'bdl/AOVnN+ezkykcwf4nKrphCMqyNTei4wzdGJ+aV5T4Un7AuVAGFMwy7L004Deez6uS4q2myhIaHLPM6fu4hjnJzfu5G/01PDq9KK/n5b2JkNGPC3jBbpFNhvyPYKXb+kS44VnqVEzAcgMrCpDfFlt76QsLZVNMotYm0cjOdloVa9bb11+FmZphJvSrl6hoiJlU7N8BrzIZp9p9q/W9QOblO/XZCIQc4qDkKPb5SQk7m+iBiqcUKEqfFuv+6zY77e3nmHy0QN95gonKHPBT/iHF0ZLWMP3oseczZmVcQec1RNc8Qtw/pEUxWnDEZfDWLwjYgRSvJClmD4RKKRITUQ=='),
(42, 29831184, 2, '2023-08-26', '17:47:21', 'gPUMM5nOB7zJ24lNFPiO+CrooOAfvtkYECHMbPKrbcvrlRt2mB1RBaQWG6gnDFA5PW5/XuOdInOjm70x8IDKLNbij+DBAJG/LmrhuD297qtsb4wZQ1ErKZ6hXXU2qZykfRUSsRwgZqbbSQLxOK4eTsMBk+SIr8Eec1xZScHyEzFoXrIYtMSZqGi9tgOy9pxVTnHLAuKKb8QM7Hb7QpPr7++7kVTtwrPrN7ymOCErXJshm4GlwGmkW5Cq7weQcpYsOfUWXFurf6hNz6vfjzzUMpUlUvqo7zZ7YbeZvcobCgfKyEOb/1nOi8VCSlrwsp45e7rNE0x62LBi2d6CIHDePQ=='),
(43, 29831184, 2, '2023-08-26', '17:47:28', 'JebkLmp2sQgq7YbTg55HaDAAQtPO6nn++mYcccbKyI79KycaMxvUkYeI3BoTuOcDWfluLurWLezfMffg+Rxs+MC9Yi0lTEydTJkU3/LLC+LSJn2WlZ7dIKWpwTKse9YnJR5pTRr8axuDWIAZMs5wra7ur4wpVK6M8AhNHkUog/5d4uE6UfJaYip+amV/AQgjObblc9zWhSUEZASryUq6qGO4eWuBuNuGGNZ3Ov+3ogTZVg999kxADksBMlOfvYP5xreT1JJJ0WwIcKIzHntpawusTlUQSWxOGBPLgRay8yf2iiIEQnJ+SsakfAQLcex1b3eHpaVkOCEWnngSai8QPw=='),
(44, 29831184, 2, '2023-08-26', '17:47:59', 'Y4hdIxcdBXruboaQTqUpRrTB0JiRL63XG1wfI2K/AkLsas8BrATBaCOw8M0u3r3P7XAdTCgzOeHuyrqPIHX0rohH67X3cRJArZilhhGveWwuxrERQ2w2TR2w1dAwWFh7/TEzWKeoYGWSM+qJwzInBiq5JDPxiXRy49TROiQPQmZBeLazxFvI5uY3E+vBt+b/ussgnh/4fuDpnRYaMiajmhqmQXwXGbnbApHciwib3APoBcdhI5Ylw9FgMtDgxpXeNongmpKip6ojDGypJ6BnVZVX8KlxvLZTBoUL+fa2ycapPg2/6SecB5LyUai6qcq+XR8a3Tgqd9XJfYCDuQcuhA=='),
(45, 29831184, 2, '2023-08-26', '18:04:50', 'EFcU19YNKPBAKxW4nlmZrYt/OmPFfP+NTjP0zSHX4vQDfkioz3gOlAtb6wf+O1cuy4FoTx8J2ub3Y6jwX1oNmFZf9xVo+QSANK9PqNvu86ncNngxSV4SOdNC1xuY+oAHQuo96ZH0msjK4hdCUaYJmy+k/jWV2cSXQkNXxQ5wZzi0iWyxRdYM3OExspiuU41IYbzEIdCT+FItRXh4zTWKGVLo3rGIK4I5x94Z7xfYxpe/uJtWLcmHkvsrjKcEgfgfFEvPaYNREzamzP0/5I0RB5GcDRBf24uKT3ggVaSIiPEBKrNGLB8HebkfraIricigkeclUBMVS+8FsPTp6q1YrQ=='),
(46, 29831184, 2, '2023-08-26', '18:04:55', 'r817GxanAaZaAHz64ad/5KfiA16jCtifNIS9AWTivgcntDl5jlbVl+ACvEDServGdcH6oMittIuDNdEVeK0yQyNuUdNsHiSRDfrBKci58a35gURJdr8xFzn2AysaDogb4jgu1w/5Klh6zJIjJUNoebjCYtqsXvVA7+Y07eY4n9hBpNyf2VPQzGfJI4hgpcaDXEuBvM0C9BAnMBCjBp5lLUMVCznpCevWMDBBHV5mTTIl0t/2HOKhCH3br/901HZB3TbnwGG+4byxRNQI6F14879DGV6LYoahrxf/onnx79tWjhI2ObCe1CLH6noETRJYpI4OWsVgDXpP1CrbQHhWcA=='),
(47, 29831184, 2, '2023-08-26', '18:04:56', 'V1GPeNAGgIGJ1bvd74it893PxM6H2y8AcTmrzNdTMW/WBOQFW1BYnB1Z+A4Mz2IIPdC0VHHCUhO4tJJHWAFjYL7g1nIE5rM5gpJBDScjvlJw0La8WyelklnghcLkjFuCPb1QomU9/+/yxFEdIRzw27j4iFzuh1G0XX8pSbjbmVaQpOGcA24j+5yYeiWovuUuOVksUUYU8JTxc/lQiavUsLSxeseyFyE+jO8NkIhndfD94h4fci8Yy8gE9KVEm8cG6RsDXdM2kUxPh0+eJVyldUtw6gEYwMZQ/jTbgxvtYvBEF5wNzk4INw2hTVoo/L6fJwW/6dSVDKhL+XlWV5JVdA=='),
(48, 29831184, 2, '2023-08-26', '18:05:28', 'GbhKHdZVQWGU4xXlqF3CbL5gYxZQtXFlOAt+MbKutrW9A0BeR511YA1LH4SpWNditHxvqk9BcqBOBVYrVSBsj74dnATppOvOaeUqUDzVynPUqG1uDVBljQ/Q/f5DcEp/+fdqnzysVolmc+bQeRjUGUBPw9GA5+aK/gc8BfICyR9zvHJ70w/6m6IQe6Cp3MyYproEh4giKCN9shLdp0JGcs4QRY3fDAOa3RFTeAGB1BfMW/IjARMV+rNpV0oWSzIO0ytlicmlsku+vKmVg9q6VBGD4zTm5qmMbwri2EYIu10VAq0XrnYtKD0NBYrO60dlwGlY9DphkRS1gfzBC0DdJA=='),
(49, 29831184, 2, '2023-08-26', '18:05:28', 'IC6lQEZdyWcJTjpcdlkfM451+tPobM+oxLdL41HFgvnDZrdKBmvufR5RWsGqoMP1wmCkHF7WwNfQUzb5EpEkHtQhwYFHDtLQa59sB2v9jWxaU6JatXtmwOUrQ9UW/AjVRLNxXqYBd4eFn518E9sJJVg0Z7rfBJssh4C1LdNJWoyU9bnruvjzxT5bkxE/7wmlxOs1QY+NVAoZgWFXQYAOdHn5+kRqt8BAKiWIIJuyn81t3uPnuABC1cC5WGvk6U5boaEg1KFwB5hcVKB4cUkt8s6y9DrbUIM+FEPL1BzNlhCGdqro5MhguWteRhXeIzutEi3sW8SMDt45c1ySnMgUdg=='),
(50, 29831184, 2, '2023-08-26', '18:05:36', 'sAJb6lKEdAMPP1JFFcrvCSw8sIz/xyaIzb8/J9lIzQk73JI5Nyo+HgwUtYpvnZA4Tgm6p5V6jjm2wCaL/o+fIyyYHXdojYi4gfkTM2mrCY6d1JpAY4fuJjEIBtwtEBpuztcuYNewWLPX+tjcQ8e5nAil8c6KKZnrHhhPoECac5vx7p0vXODajPDnmGogwklIkG1gIx12dQETW2icfu8z7C+njgvOVq/hqlqC+GdAJAr1RgT+ehmnVtdDz2jx/TlTwelODcjYAzgAkjWnmrQNdbioOjzV+t2pPnmnQlW8jtbXuJGm00s3Tx+802I4VuifK9a4oQqGXjNuun5tbohlMA=='),
(51, 29831184, 2, '2023-08-26', '18:08:56', 'MCg1AftCbXfqPMccrSAaVPFg2D+tbtG2Ks9n+jrkrFDx/aDk9LaROQYdDxXWzCWiaFigPyI8QaHf1EpIDpuVe6Vie7yQZ56hpSlFJ/kCwLsnT/k3T246mYZi03/AxljA9YL/Hbc1LxvL54KDvUxTKchy+usbL+pQqqnY4q3F3859QNDXipdiEABu581AwbwC5Upa7SkaA0BdBwC8nwUzGiF3xXj85uOrF5z+wp7CsACn+hPnKcWmc1xf50E1hgq6isHu+6czywk1l/dmO7yHcBlAn3XsXdn04dLHogUAbsg2sux6iPanjmOQfOHjxfLIC0kHzbrZ163ne36vXhrZQg=='),
(52, 29831184, 2, '2023-08-26', '18:09:09', 'H5h/yjAq2yBW0QL0YufEH0Ej99LNTWVmpGY3ilcQgkWaozuPWneC1Zu5b5+SnqUb+RWFf68PRGPi6Y3wMzK0ueQP/CNAY0HEfx9Zv6xsV2xOgag7VbqWW2hh/ewf2IFEMvH6PJOSAe5S2Gg25Y1gxAxkcN7C3D1CjjxZEhErA2OmxzLq3XPCok04vZWlD/LZ0rfSNrSEOk/iUhuXpDnwGKKydqIP9fj9MQ4T5znmgf5xXM+TGfVhfWYoOApeAD9g/l/1XlvLR9SVVPYZ0T3hyY2ZuJbMPnmnspbA+TTe51k/meTQE6q9FtKsily4dog50kHNrfFeNhqH0bs21Ro+ig=='),
(53, 29831184, 2, '2023-08-26', '18:09:30', 'ZTHjd1PRkOGjDzXNfYQRAKMiG97SnrFSfDuKRLD6ZVhcg4h7feVkqJHft/6DttDCva4Bb73jZJRbzZIms8W47JdyeV8v8KTYvanKXa477FOwEak5ZfTgRscIri0OnM8/UY+zpEb1QkaXKg/Kfe0LnXwu4fSBRdWHL5Q18pyEVhZ0wwGrdGXRzwiDpUoO94G6AAs/BLbULc0szx0VSmhgWiv0GnWIoDAvVvEKTveFGWamF6XRltKHbb7IxcZ+T3K7V/wPARhZNrWNc6ZdqTxJUHhmwza4BgLYLMKS6UJcmUJ+t/4vX4qr5lvwUEiysSivZhqnXUiz1f/YZWlzZ23Jxw=='),
(54, 29831184, 2, '2023-08-26', '18:09:59', 'gKsoIM2GMlFzFLHdB/wmFuHBFN0NSd2iTjJP/durAwSNHVY/0MdnDo68pvCUUhHHWo9Ae1e4mU5321rFDEV5p1C/CSsPHrvrwhmRgFDzlxVb2u/8gB5TjfxRo+dMyUFUdLXytFA851uM1yt5tFFhKQVBc3tRliSCYIgn6t/mVeFQIy5pon9k1285rInbrdlduw0Dr9we+TOZy+oMQWJb3jwLL2gFIrtcBggxpWwCKSnFuc4wH1vI4RdI7IHGrW/ivFiI3NjNBjsheUxizcVCw6LvFBC+QV66qslWhe2MfnwxIROf3k5CPFmC1SNiMTffUOAsuL+3tYEFI5z6ZFPQCg=='),
(55, 29831184, 2, '2023-08-26', '18:10:13', 'P6M4bQLg7UkVsmuZ5aXce1wa2io7TngXC1X5gxZN19wfvnZLnNqKwBmNl/emevyCH8/bsP+t+CjQ4oB0bK7xa7Jgy0AxtKI3dHEcnVs8kEDy8ih/RNNfUR26Rq+O53UUV0zp/QHFxLk93ydt14/xU5zG2SznKJuYLNs33q2PSKrNAtkzRllyPithKqyPntglLPuD9EkEUGwawJ8FQ3NkyRPpxDqjYYqPv0aruemcOi3xuU9NNYrvZRpN4dMQFm2pi4KdJiPkhNd5Zd2fWPnPNJVe54dI2uQ7oQWsl7zuK6ilnS7ZL+jRIqbPMrCUleQEfBO86VnI5QUpAAr58/g0pQ=='),
(56, 29831184, 1, '2023-08-26', '18:14:20', 'gp/RBtG1GNJphAERXgOLbpVtohdGhFCyd/tdwcSN+WKqOGUez+dq+087IzJpO9AYlIdyZ8zNGeTY9wyjSSlkMAWjndS73NPhaK1Out2cVp5LX3ijtH+uNDFLQ2SagdVSVE10J30zuxrs8RSHWQm+wH/q5b/E8psKrCgw0ZYDxcaNfu50ztmxOvfrcsC/4wAVDH/Sx/yf+GUDAWKp0bttYq4/HsEPqEFxFfgC6dDSHkShUWoDBUEr5nlPDu7UrzI54BjiRkYWDjVVbkoB7tJ7qr5negN1YzGEGhb1rqeucRabB+8yGeb5H89xCJWI6+HUrKWTv8aMW0FVi64tSfSPvg=='),
(57, 29831184, 1, '2023-08-26', '18:15:17', 'fCkvAPE3cFuLt15BcJcjUzBnTH4Son3Vh1q6dySEXGfbZZOeKGdZNnmRA/8oqo/toahHyhyq4KQqpnC3rjyTL6hW44UGOX8uyK2kdvF11ATJIlaH3vIsBzeo3FrGcIWvOQQt/44fJtf4ND9qxjU652pU6fH/lwpq2rrAaEErEtcgyYb3oEOrvjmQOl+ayWxf4t3qQrcp5TXYW/TBE9orvYxaMEj0ZTeWb9yNV7RA7mU2fB5xZglxa+hCCD2ylqk5iscTKUFCCOJ+BY49hgeoT/zf8+QxjI1i23ZuEY4sGQQ78b12LDjAA1vea7+8gWzE4z9PlUleNjCGiwcMmFVpdw=='),
(58, 29831184, 1, '2023-08-26', '18:16:47', 'P3Bd5ws4E0Yp5Qo0FRRzqgpGGxfBuG+YzoWND8Rv0Sc3xIQByTsVZ7vYUhziIShrhvuQ9SesWeZQJF2KbZpStawdsd4+3cILqbma9kGqvV4+UnpF9nDQSRARNw/pObmlMlnxKui8J44EJX+/I93fIxRpVXesaT5xN7/WZNsC/GYkDQiMSbR0X2rL/UpAgU07G+QjWRWY8xJuI2e6VVf50HrZN/pbjF2wxvRy4EiJodi3H6d7A92VgWuNn/JEHkop7HOvbguuazdjOGQVjVc24/oXC4aacvUmJu6flTEoyZBQtKFbkvr+xRg4dR8HcJGse9DMKHy+1lCgzUEYgul6iQ=='),
(59, 29831184, 1, '2023-08-26', '18:29:32', 'mbfSwaJ1RKokkDyjAe923QtV3uNKkEkr6S5HoUBA+CD9Gov/yfS0ksf9PHOT/cnIiqqudOd1dkMHaeH4pfSZhW3bOYuaP/aiGSYUwawazsK7QX2nLWNfqNQa13vivxKTDMoLPmcwSzFkN6JYu5NKv7bEcUZWznil1asknh+6m73PH6XqKrMULfRGaTxOx8rK4mMHTRo8XqA6Lbefq3nxsYgoTN0KIolTdIa7lcAlijQeZWgF9EASCSGnZJ/zyaSCZOTiucdg4d9iLXz3hJPqTfNJhWdOD2vldVpT+TT90nlTrPsPNmT9/jui4M3gxwd0WW6ISUzBSWXNu5RBQAmWtg=='),
(60, 29831184, 1, '2023-08-26', '18:29:33', 'bAqgqCxdODdw+40KeAVQkzQFkCys2Mfw0DCQB8tWq8nd6IsM+GN+0aOVFdXmNE6WkUbGDXtEF0B4eU4uJ9wyVg8MO4BY/MW+1VD4KtZVYYAEOep6yHKPVBdWvMgpmrEr+Lakl2ZEm9X8DLvHJE1QD0V5tI8iB5pHRc0unLgu8efD0MAUdaG9VKeeC7ZBUJkpItJHn4BMuu8NetfGaUwEloLhv8zdnP9rUHGj5qj6rwGL9f6XkWtkv+rNOFSmvl86LauUCcpG6Av21nh/IDvmVDew0hm3k91ijhpUySvu5hs7UMxrbaEk2yGH9wx2OgxpNOIi0xy1In7rVAFkv8iB9w=='),
(61, 29831184, 1, '2023-08-26', '18:31:04', 'Iw5xN+BotHD2EOwTw131I5DH56kgbPZqoYSAjeKE+Sjc+TLVsZ3jmzUL1YKMqhKnB1PWFYM63Kv+qy2j0odFPMKO7dmgt2k/xTlWEbl11x1QL2eY43WOgz59zt44gqnxm9Qv1KnBjwP+yItEHcOKs86b+g8zQ0DCVqN22YXD17JyOBoDYFcH6gfP/Y+7vVDF6118pgelV9jGrzkSyrxwnN84RV95E5d42ndH1j//QfcO6vdZMhD353Xa6osMf5l3/4Eo7p7WEkmco2FaSe449OdT+yhj2+xV90/TFrKdygDeYw8T5gU4JVtVcdsZL1fwrjChOVhZ5oq3Dtjuhv+QSA=='),
(62, 29831184, 1, '2023-08-26', '18:31:14', 'P/JRusQO0BLXt5KLS7e58ZjRzDk/NzLU9z4FuB1n8dkVxL9AoE9EYXr45/kP6TCPaLy8KieVc9Kp3J4h24G1I9XBe4YMDmMGFL60C4MpVKskTsRVKGBlHqCEGL2f+kTfLGUbcGR941Twof3QA7mZSVfNxsYQEUmqlxO6rtKEWJRtjG98auJLbB5+ozvIfzJ2g9IiJFy6EC06GcF+kWJ7IAzzJg+3Sl/Iv7C1rUxzeHGWkfRRKa+HWXETlxTyigQXnvj1UMoC9OyAW8sJc0Y0KtoRa4o24zk03RkHOQmhZ9gBWI2Ak3W+Ef2qgW/1K0Mtl3NjQW/hltROsNRvfUFNGA=='),
(63, 29831184, 1, '2023-08-26', '18:31:38', 'hHgtC883ux8es8SK06ZximzlO3kbtqkaNQkbfuYwScToJouA5hQehUwBVTEduf2QhhDh09fFnIdUMJGF2yd2MaY7zSSxuLu65nEt1irdVGFnynZTnEN5D8WFWKzKIXIsaGvT/XY7/l1PWr3/ou34cGoKHUsQDSoqYwYehnIoqaiHx2PJM7F0GgKCeTOXkYYZ6FdSlmF283JAe4taz9L8jA79EssujltNp9Rvebnvr3a8nxR4ooAcCdsjBHctwFgmYJr2cr/nkNZ0mgg0UqjCoRRIK0VnhcvL9UrAJw9moE28knnttQbcL5koM/9wAGoB38G2JNAwd0prDfALbOJrAA=='),
(64, 29831184, 1, '2023-08-26', '18:32:52', 'csNcRYevxsOdKQhWQPbP2tGBrWyfAX4NZCZHBmrKLqLpMCg9NTGUWKYcidGOkgUXZDCMSYbNQnpNi9GiUBEET8wB7SzDqD4zrBtQqU0ib4RNXOH3MW4EuxvkuDv3kETpkMZ6bTdko1+JCGPqn5bT9SZsYhUnajhgFyKqISNKKmPPSwXvIAHIH9snetw13HsDdrsEZyTEvfKZa442H6cqxW0cR+SqXLvXWAwtQlM3EdIfroILCOa/blT66hSM+aWENAHeEMA9MTmKmbwWxY2ya/SHkq3M82LU45He5mQAsThbA01Yf6XREMeBZZkHGv45l1KzAqSpvLQ+tAbiRh1rVA=='),
(65, 29831184, 1, '2023-08-26', '18:33:01', 'YnvUOKMvIlI2HYNHZE8Az2p3YGl0EDuTVZeIaadEXizDy8bd5ZvPkDbZTbnZj+0tnSrKPm5BAjn9a5ZjSqYVvUdMPVjMYGWda08c6M8aCp7k8RunohvwbFYz6mwzoaSiCb7knlC01DKcD43/zZx8IzHmht17lm+F7+9+eQxTPhHXawlcbqO1sX2m7NvYKVRI4AAQ8ySoA9cLbyDzZ/HI2G7owa+PMukYtSiOYNrorRDmDjAGGh3DDGCIIHBLOmX3tzVYlAR3oHQgbGjQAcQS7Sp4VY5V83QvODb2xYXhTzMHdIrv6NBRR6KX1V3UUloFgkcWdeu2s1j7fQCMt3gWgg=='),
(66, 29831184, 1, '2023-08-26', '18:33:01', 'PT3D4OxXY/WsZtGMz9/wzA0Hf8mG4+Y0ikbNC9KU/yRU6LOa9Mey4FPkV+7ISADOfFVE09HJaFh/IS6tVc+OmyJd6X9cTFbhbI8tzvxUpXZT5QBiMMWt5N6F2tUoaiCqz7cJh9i3QQbJ2xbMECM+lON5Czo0QGMEEzrM/1En/+kiMIND4qB1owqmtzLsbjMSndNYNvMe7qV227d0iqiYW6Qh7WBtHopKXQ+p2V+Zpam8wfCYTfxX/zniAwSy1o4ADsU7+Lg5bo40Ne61YtxCYuszt/tVz8FCAa/O5BphK6k6W54l508+QYwBZldKz1ccCJ8QPitlkXWVJbgrfYlYAg=='),
(67, 29831184, 1, '2023-08-26', '18:33:11', 'Kqbr82eTufyJS/AkBIdq2vDPfxbtxFqiC0SKjwQnHcLy5Re2Artq2a6xvOHa6i1yjq0lhtl1ADHP1S8mnsZ4/N74QYVMXMlSNmlVUJdbOEgHPw0sYffz5EuXHceoU8sd3scwpbpS6+dJ+P7BuOzxDlMcEAhvJ2ys7ihh+IzziW2keRyqTSXGCj2fNVkR4NY2EwF6RmvHNnbcMcqJcnVXCmT+USoBFSgpvFxmw+NAB8SmiyYK9u94FefZXWkCKTwXoEtLraKzcGvqtdqlDVvqb8dQjNZ/T1TCCdfgWUC6+7C1C1Dn+JDk5VXMIKpaXd0H9krecda9tia14kb+r855lg=='),
(68, 29831184, 1, '2023-08-26', '18:33:11', 'IEVnKkIKRshHHm+ia83wyq4XOxJBz69idR2ym1/O6fiafXOJV/bsRbzttDMvoev8lCeAWtb0MHjQZ47Pxxd4hcWQePBuXwJvlv0jXgbge+3FlDkED6YdYoXCOKKHEQfYB/smgf1nCxWirSXatfl2MrlT2yNkA5HIgOkVgCBkqiE7kNZXlz4AjbXEIKgMScP5PYDGWNAVf/d+svndZ+ljPs7QbbbBnxTmEd5dd0OZC9oI6pIZVPTPfUImEXBnnMNrH9siXYs7BWm359x1561BXyyio1ma7bRwnovwtCFh+m1avTOoCXLGQ5ZqMHZtJkKPFilawvSxoOkkKTnLSg+CDQ=='),
(69, 29831184, 1, '2023-08-26', '18:33:14', 'dtIX+BXezIVTKwJRXP1xaK21dNKsQLNuplUm60uP+HbciSf2XXo9d9i8blpNNMV2swzr47egAtu7cn3Zci9ATfp1epMhllpogZGJ2u3XbcTP2AeytMXA+ii6VpyjfZglNgVoAkumAgpGO2K6ZofUW/vx1Si3K6ehGAPv4N1mwZAgHwbUuE0VTpOVJd5YgDTZvlcegqr6iUeAryDm1P+Ra2FO8Z25RAcCiFtcR75khEMY78dF2/URkMRJb2cxsiKP6vNUZZ2bxAITRiAwCaCEySFKSSgwntT7gRWQcCOMG4mPnPX2UKQQdu7HWQ3f0Z5atL3XmfTgoXK6z/twq37I/Q=='),
(70, 29831184, 1, '2023-08-26', '18:33:14', 'GsbOgJOM36IueyEkvzvQr+tdrN7eE6REH8LCgXFPEesZFhxnZNfC6XCnQhku7BeQT8Ls6WRLhtrnMkNoff7oeCquUSzDXI6btd3L7HltGmyVrqrqYnYcdTpFv5LA8DSliPXGzdf4m8mVgR86KB3X33Oj3vEaXvfBpLuHVGNUDVvId+TqmxNd5h5jnT7//MdGD0p4CXt6pLmTge2HT9ESRZvELug3o+zYCobOdOJSFUAT3eD37wmUPTN4u/BBQOskqg3JdIzRtOdH+7RcIfRzkp3tym4hcvRAr/u4pzGOAraInb91g2d458WXTqq/d5MJt8kxsP52LeGy+OH3tpgxBw=='),
(71, 29831184, 1, '2023-08-26', '18:33:33', 'GCi95EBT5siqGi9OuPGiA46g4qPFCPERVLMpPNWYIPsv6ncjDdFwcupCopjsUm7sYiX2SoidwqUfrIAY7Lb9V2njuJEckgwQaT9iEbsfafrhPtLlw4t204OBfC5QV9whXtCErg+xNxCcr50sv58paz0MCJwPgSov57CHk1fhs4L3pejRbZFrmX9W+/49EHVYsHdaaXhw0aQD5AdWsl1kOD0fzU1zdExhZbNJX/imZdusKbymiLF9c8so1y8uUYza+DEt8T/VA9caspLgN/R0y5SVbFQ3ppTpsE4gPMt2oFMV6Oz1Wby3vE+V62NXCUCAyDWMQLeMQohrbfMWUvtZkA=='),
(72, 29831184, 1, '2023-08-26', '18:34:55', 'GUWpwqNvMY00B25tczJYv0bSVdE3Xb/tbS9ut/jHZMpRBMW3um8w/R3XNnJDOUZykRzCFvxlx7kLYhQ1eFPZw+rcw81RefTQW4NVh71rip0UxFxIcoGLIuTRJxfmyeSmfR9sLJRk3J48vVJKwtOtIV9J0z0trPtmTpE/nMtmqvh9rIeicskeTN54NjQ+n0WD5mb3tnS4I1tHGyp8zoqb9Z0ay9tbDo+0hMcHe0UL6Q45m9fAnmq8iUiW138FtNISRQmI8fGxICUqxjJ6o6PxI7YMjU0fyZ7GKEhf89bRDotA7GYLSoG8SGxMCt/kiwkZu9QTGVR/DW3o6j9J5HDo2g=='),
(73, 29831184, 1, '2023-08-26', '18:35:00', 'UMxlAGHcQwp8DncgVsY7PqdBF7AGwSNcY2UE2jzikQXcgH9ZBPtcGaLH8IXcOvAtz8LhR5E/X7kMCVEDvWWSrjCCbZZm/3NjuWPI3sCfqa7Drpv/6YGCJKsGlG8zJfFuMT4oz7jzgIMHduKCXi+3sZhbKcSFy8QQbDLoNkLhcUjvEriFwqhqbtr7jSEX8V5ENlhRXfODx+8Ld667MI+baG7sQQvnqwg588z4HSAPUUP6jTzWDuuhvxsmhtLyXprQpndNzDk+JSDriht7Pu6JJ+RRyFQrbfHHZ/R6LJF1MpPVdPX2u/6wJKHzKc0h6HSemtxT4QbtGcTSe5JUXMXU3g=='),
(74, 29831184, 1, '2023-08-26', '18:35:00', 'Ks3NMtIg0wa6rBF8s7I7oQhKUxKkR2mhoK2VUT1AJj+b/+5ghV+3ebA0B5oYioCpLzCBV/EtIs0WYwZgXpS4YbhZsCRBpQaaDS6KZzf5OZ7lIKSBQbqriDQy9KHhTCJffGzIGTVT7dBoxli1d3VgfGZY4oeeVex7E6GAkNwaRCtPXx5tDpggfJp91cDJpFZLXDq49Dn9IxWHvlqHrNFXLAioBs2lbvYhiWGXN5bX6Lpxj/R4Tx9o6BaHk7jdOSEUIBh6sfiOO0zAiWhHho3zebUv16+Nh9BKcuPDVN6YrjzQIKWHx6/cxcFJ0Cfy2cmU+T30V+lgE6/m9rIoJ4pd6g=='),
(75, 29831184, 1, '2023-08-26', '18:35:14', 'WbzoeiR386+wjw/2b5x3vAyNTS5hi4oQWdbm9Q6ga5NqOUgB7nLwXq+fmYS77byel1Z9HD4g4G9NdSkhBc0fYVbLbv8q/XypA+++u60JiF61euJEc/mmz3zBQEYiU9dJXPAqcxxomyMJfk0cQmhxkcDUG1I+aoqoqx24vRqGZ+E9maTLmhfOL0lX1rGNNDFjthjtEJm3PM5z/VwF1jNw+KEss9/9WYL4YykygJv7NssPFFWIt7wQ/XLAnlBpMamqMjQ5+E06DYDh/RGfwAdVgSW3pSSv8RoYHdwXSIWxTjYUGrufAiuWiGDWnOp3krkrLv5OJCJIiTi7OkwvzjtXXQ=='),
(76, 29831184, 1, '2023-08-26', '18:35:14', 'JmaOI4yMjn0LuXqOnZK83+kpplvWXt2Rz5oe0VeK4X4RGNwnXnm5M9umuYU0g2daMs9zJcibbfTHnQee2siVOeUUTG3RCKDRd9bUVrrskcDN3kw4b1owf1uZ2LsUZH6cozmZDnRsB8mn1vAJDcUkPjA1jbYBs/4TZPMLd3a2rvn/6lljJtDXLEP+ib39BetNwAS2nXQVJ50phu0ERbg28t2rkl7AkML7/7SFI7+FESLHqQ0nn1yERSze6uX4wOFQW9G5/BElsuYvQC6yXOXUdhDyu/+g5J1ByuVoS9t5+aOqnmryYPHRXAlHvgwLSKT8dmm4W2n/TBLJi6F0jg4sWA=='),
(77, 29831184, 1, '2023-08-26', '18:36:42', 'G4+yseRheVLvs/S7OemjO17zEI4cDzHneo7m8Z5L/10h6jk8qatc/UM6SJv7wzMY+JIVI3FWjEOvQFUZ4vV98hDiR5Tbd2fYzwr0U/iqz+R3HyQKnAAf4/LPUA72Euoo0nQnnXqBDWfRwkym0wP1sp5I3ZctZyqknuOr2EJfmDY8SQFZqESaQL4LV64BfBMlvxSVAoHx/LElHdx15wl0dn1eg5+6uTBT4XTCPTM8q71nWAfmtfEGdiaWgCUGjoLU5l3asHw9HVmXNYGFBr7sP638wOhSwgEPuuyr29Mv3fW7WAywskKwS6GnmURa5zCCjTpkbPcKgSBHzEPt441sjw=='),
(78, 29831184, 1, '2023-08-26', '18:37:04', 'H3XeXWOgdmtwPqrqQlnGlZk1Az8HRg4XuIq/w60fWrW99gSOXU4Z7T6I/W8wC3i1WvQg2iQjDYE6Nt/IgvpApmt1BmqsG8cZ0fZiXXxK7galqBvBHV3uZrwDLmhVyZP9vLO7LH0PggdINsfRQNMbKiM2xE73GOgxVN6gdlppHbuygNIQDFhuAwerU1NJDQAxbohxicy4lqTO0qDx4H8bBvJgNFIlJqSfl24QhZfL7gIx3dWcZVcvA5jSNpT/udEbXzfKIgZ2yTqDzj1F7CUR6nVcZT+Y9QStMVO0d/+MJNfjXjNyzKmxRjt3yEqxmXhBIcTV75tpCzkE6ah3x4KThw=='),
(79, 29831184, 3, '2023-08-26', '18:44:06', 'bjh9PDIU3KwxeP+VwX8ioh5ahqQmzk9G7LZRhMDEyT3XZsetzp8n8teVdCTw0oq7YHo7F9WrG41zcGyj5/+zYjXSgzgAzpcsnF9POX/7nRf+GLo1iHpIi/mbi+jixRCOq2cWOUS1CTCYxQjn8xKyG1B4ZRhQ37SsJpT3V1nwWf4w0wwIIsYtIPuDp/swtXE8G9o6Ivie+dx1L8mwOcPpB+CV6tnl2YarmmW9tGYG+UqP9ai3ewHWsTI+3flWyTFv9Kv1GMw4Rw4p2ZvrdINkTjtVvYKSYFJvnUAqlFEY3HtWsOSyX9bwP7dW0XworGLm80mYQONWsbXu2t56AtWlxg=='),
(80, 29831184, 3, '2023-08-26', '18:44:59', 'AnqubnZ4npXFVpM8/5CKFpQa0GbZx5ZsDdBdRcEmfgnDmBxcb+oikUopEFyFXTmcI93fjZCJJ03sg+5aNNeDq0PrZcjk/cvXeZppVdtfPrukF7CqRwcnAUPSPmxfVKBAMTFE4aXCtlEeO7Su+mTOgF0gRwxkFXCIvPpUHlAKTxopwhK0wPD+dlDz1oJS3JsW3jYgj/HZfXE28khIES3tMTDfITtA8OuBvdBdMZps9A93OeU2jWNNl45aJmCDKt8URL/mJg7oTjIafAjtttSmyno21JAnj0FaaQT0P1i7RuvkEkwyK/pP5HWAfSLzN87VCzOqHfgoKwa3F5kMV7dAVA=='),
(81, 29831184, 3, '2023-08-26', '18:52:49', 'AGvLBPLdWcESQBM0ScXQB41Z89AeDClhEpDvb+LOZP12PelxTiDt0rllc3cp+JNH5s0qg2mP+e462NaPf1kuLH8qyMenHK0PI7H7sjCU+NPtmsCgGbB3Fe1uli4FPNa+pzRlfO1AG6X+RZG0y8QNqZvo2MgxwFkTyPxA5QPvrmuY0Tnexw76yARA8cSi/rKdbKwpnRNIM/TEW3sCnOoA2fpEBimLNImYz3KBY6AbVaHj4vrsK3RjvgfIb4L4ACY/FGIqbvcXoxcutdFXo1Ot/KdtP+3n6EL3WslRgjCtdfgLbBlfeV/Fk/c6549I0pDep3Acu9YYJb/Fimg3+sqykg=='),
(82, 29831184, 2, '2023-08-26', '18:53:20', 'sXxyXA9WbXCf/Q0Jniu7vQoDuqlb8dvavoI3DI9CFL1jBoQq8BEBIWlzFqyy+gMVw28euZOB66qyK0vod/EWBXpxOkumgUg14Zs2NiKYkJqz/sneTCEVctvbM8hEORmi6pJsfruQTO0/bUoej076zIepiBCH74NFvdBFRIbAEXYp0XDpoP9dYhxyZpWGRH/I5Xiwxy08TDoxhZ4tGv9Y8gC9/asLLNCYxv4eZayhaVu+RNWBo6Pmh9ih2D7asvFcPZOm4qKC9/ErMYqc5f3dChnKHWWyyX/N9nJp1YJldSfU+74r51XaCM14LtF84MZSt5EQE46r9Xpiw2fXSuqIZg=='),
(83, 29831184, 2, '2023-08-26', '18:53:37', 'cZmoKkt1z5ubdgr7TLSYNT+aKI21+uiqcAS7tM6fMXA0PkUqUeBGbR8GgD7wFtT2AuuTX9y3/yRGiURFYZJZr7SxnFCxtMdnmt8DyhkvQTdNb5FKgYAdf/+SFJbjr/GytCs8CVPmXAocPHGZf+KpT+TspUYBweuBHtgcYnej50PE3WVHNwPIS++cbazrwXjR69us58gaolB5Nnlv520WIm83B5tLZ1eFfITxdWrDaMpsIi2Ox1BeUZRUdN2SK16z/7rlZG/o54czqjLbKK0pYjUZPZkMSVM76qEfo7sFJgqCuggV+TaY9FX9rCoIR8lJgW3Aggxbrt95zp1y9Jx9Ww=='),
(84, 29831184, 3, '2023-08-26', '19:02:22', 'ifjjL7j1UCCvmUZes+wUy6GfizHXpI7LTfNOtUz6ur6UzdVlPGZNms+WL3TG7DGLVfmTVUs7y5qTI5Mv2aB6VF+YmXeXAFqArQ4MXcApqPLugvBBirAmPp7b7zQkZxCZ5bRMQgI9uUifUi+w56yWykVS22vsE8MaecGgwBoOEAT/25BB3B92LDEw3sMix/dtzCYhAOejsbObSPrwdq3dHP3XARFIvHbDTQkSMs53M1Va4Vv1kii3M7YF40UaXxuHIRvzsUOUO47z0KDYaDW9EZ2QtN08HphRqkYndvpdQgeI6+r9oDM2k0NsT0eXieyu/3JGLrCc4BiQoGd1AFIlgg=='),
(85, 29831184, 3, '2023-08-26', '19:02:33', 'TBk4aJ99Lj5HUGylzdt6qh5biEjcWETd0+PpjpAgT8yvw8MzVxrRa3Mg/XL7zTZrW1TFGbzn6ly1Z/V/EbEBiJEg9tPOSbtgXJs7BmUhsR3pkGe6pTzbHKhNUxqJ160OEhIAQBx37SBCHgx/Su7V9UgOesCGuR8v35OrqdkyAnHG8DivMLmwuP6jRkvPj2Y69Dtes3EX4+Oqq93fRkajzpH12wzjvRhdV+qOSjiFvHSLG5x5lRXmtwdG7Ii7Ptj2Qr4Nq2byoG0FdC774q/IG7oYftXyLf8Cgggp1XT5IQWf1LlbBqjnxpoO93PJmayJLcZwCkJ00RfGXF37ZHxJBg=='),
(86, 29831184, 3, '2023-08-26', '19:02:40', 'LVu4DuK8B3vX0Q/0AWXrL8ddJcXE6Q9v4zATtRPzLjCX+YfoiyCgf9V9CqfCtpcAC1wxjVVcV2obZ2g17SDa3DmZHSK4zTVXZcklk82+KeDp8iQX0FC6LVhly7ZGP1xoY3dz620kkA28/X1GETnADzUk1H+iYYC1/4+heKbtnceU+vu7IplA6w0m1p1PjZA8z8bsKSAJX+/XH1XKifTI8qEy5De/nedT37pBrqFnzNOvzSiOOWtMuHm/XwGOFLWaQN90qC9NnGBflfE0ZGKDeWKjitFAEwPsNwAmD17ofjinyUXWxtDkIaHMDGq5D3K4cZydewHbkzNtkgU6tY3wqQ=='),
(87, 29831184, 1, '2023-08-26', '19:02:51', 'TSnVyQ6vY+gUhcD6DNjfJU2NHRkfC31ZzgVOXoQRhw5/JCcKCM6ofBx03iXLPQH68qJO6nW/6AHUpWIKslPxMlDm4ghwJiTTZUMK/IBv07IA7NJ+Cfjp5BwfuPwG7es6k2QJS0tfsNaE4yYj874Hi1YwCsG/kjW8dI3IBR3yVE4aNDPoOEssC5yPa8SGDe8xnBA/DnCpbhpbEu/7E+WZD9Wo7B7wj9PfzIq01js1i9ReHJbH92cVfhytHGPNg45tO15BSqm/LbNzjvhbb5K7Q20xI0PiGYv8iHyFOtj4sAnX+xGlui2kJysCTVjC4ka0VwSHJXSFa/RiOPQlPKW/fA=='),
(88, 29831184, 3, '2023-08-26', '19:04:06', 'gL7Ngc/VrLp4uDVWxzuTt6hYFMmS8LnclXipsI0PsJmkoUo7RYwZYIzWrq2umKoSDfDVklFayWzQqmTlIw93e+54ptykNr9iB76cJEesXCY//NT//IyXHFAoQJy7RD44DhWgyws0yerBWlGD0Uz9J+DrHy9yi2F8pcgpZOT5Mskr6Z31lmM2DF++g2YfZBdBxOj0k2uhlVvxTCZNJmqHZ823dh9uzSAFrA7qlMlmQbuY9ce7QmCwuvweyIHQptHg3KrsY0ZsfnrQS0efI60jrcxTmpPxVXmQdNIR4ht/Dqlfv1f/rhE5cizbfZQCKHY53N0yhNeOReS1SQXlWu8Rrw=='),
(89, 29831184, 3, '2023-08-26', '19:04:17', 'AEX3R3mWDkE+Nuq8PFMXGgAj7hxbhV6Ao4V2VjO8RqYx5nmFR89APEUeyNEgRRiebsDSiJTiJBJ199RuclDfJSRmbF2fSvimLjGiD3ikTovkMuNrZgRUYrmUimw/zBnTb2PP2/kPA7bSvHAgmGCuHdnyLmbkxU2WDjCPoDAccfG8TQiF+vkeynsKm40E/C2zTw1+TqL/f9TTv6nwe25CjqI3VJ1qycv3e5p6M2Y5pwT3QhkH2IZl5OyQ71G7WzDlZU60BtsYhFeQ5sxwbJbLfunMDjG8EVvXYkFURuLx+Y7i/YvCYA1vI4s9ABPAOfCVFx+9b7TFGw5oeq0mu3oHvw=='),
(90, 29831184, 3, '2023-08-26', '19:04:17', 'DUcODQPjpM29G2313zgBvXidndNGt6m4Pfre6MwBEuylFncXouXY+Qn89RLm8ddBSWOxC6tpKtDtcPhJ/gtPhgO0TT1Ggyvh8w4CwlaCwpywGbncLPxvySKu1IWm1skNJR0joubbKC8qNNwFeCiTLyLffcdrJrYS+2yg+WUlWGVsHZ0ew3gP0QVu4J5qd+o5fbiZD6y4dXfW7wwm2xbSXszCjNQtm0RS3tfC3ehHxKYh+iktWvHbfYCXPAp9O59BNmiAcHVhqnkYf4SYRHaMcmd2xsMaca1OO5QKBchPMMokhLjtexYSYjC9vZFKr3yNQvm6Sd1cCzhVJLoyBy7ZEg=='),
(91, 29831184, 3, '2023-08-26', '19:04:22', 'HHu1bIVsolpcUg64as0K3r3QNRTCSc4fxW9XwZ18mtlEBQ9SUruMDobHG4h4Q+LcugsgJvoJft78ILyrRAilDJiY0fT0PNHXN1e2auzATtDCRo2wf91w+233N632WcGAD2htO6N1FG4O1OSilsmSuMz/OhnSTTV9ygwRMdOcXZZQ5ZU6LOVzlj614kaHno7hXoiqz9xDAPKQ4aEJjQ0YOzQ2UrO3TBwaWjZ84pJvHKvZ/EjkKrdpsW+cCY4ccatA4HS1hrSbkNzEuLJCqxUfzcLyS0cn88mMIgjAhpkusKv3YQLFxCsWXTYxy518a2f0NFAB+8rvzKYe3UfR/HX+zQ=='),
(92, 29831184, 6, '2023-08-26', '19:05:56', 'OXC+YmtSEVrdZg3GgWvyWZPF3c1jfyMRaXIjE/yoeHUD0Qbd+cOnyBCQchIU9WsDJDqf0golN/YHDKWTda9kw5QNvJJuH73v4tJhZNw+yBAvvXk3DZPxbPhlyG7PZige8g3ufI8NezYN0+I+OJX7ZfvSUGpPG8tOCjh6fBqCDCnMMR2K7hqiKxrksLvoG1UTDgpScBdCbZJDygUQ0CdweSyvlR+7FrXZXBFVa0mOpeVL3BindzZuBWc01T6ujSrUP65iNNj2q/GOWm0cd2gp+ORv9mKftB6m9aVnKBm9Qf3XuxOrS3qu11WRW+dGOKAXVXLJrVwwRmde4oC7K3BaJA=='),
(93, 29831184, 6, '2023-08-26', '19:06:49', 'h10rLc/enNo3oujGOqxynkknzyP3ssbHHsHTZg3+lfsSS01vhZA9TdXM42sBaXSNWcxcUujCokQOLhj8Ajb5NntTldbeT5UFBclQNGEOYPmpjsVbvj9zM3kgBD+gHj//6gru8V+aLHFOjmC9yUkAAY+grbv54rsEsQnoJc178YOIwdbiNngcZzt8T1IdiY5cXyUnCbBBuLbVrJky6GtJO3Nl5FAV2/GVfxaxKsvGtuIUSo6Lqde4OBuJXNLLC5U4R+coQdPmf669fMT4n96+C8Rm7ndfYpIHlRyjqUPv0ctfUDfncm9KwOg2DoZ5swZok/F8KaLeM4wztU4P6obwTA=='),
(94, 29831184, 6, '2023-08-26', '19:10:20', 'f476dmNYYn/maIE1FW7FJIqUymkARhX2zhyL9OnoVClWeLBkV4c9bQLRlKXr3tGXEO1yKiaNFF4pniLBr5o7k5/ehL37tUhyaLByk4vHhYXZcL6GHyd/AUn+xpg5K/xmCxqB/Z2rr2A6F0vq3q6HbEDGsTxyRLrRadnAKIY4lxgbeEGzNhPJHQp3u6Aqd+gLixvoJJ4DL3X5brtIB757TGHGaTnujnV62b3xaSzbKdM3d/sHFe2uLJIWw1F5U5+6oO46IPqfwT/9eya22kJrx1URjgYbhuDN1nXw+Jo3mpV+Y7M/UN5g3WiCd+CcF5CiaHAxawMeB5tFqWSE0CN11A=='),
(95, 29831184, 6, '2023-08-26', '19:11:10', 'NyoTEaTH14ySBtvfpvpLO15qfFN8hf+GufT96mymwLpw362fHQNCEd2lvdGpcDqsqLjrwhcH84Fxf5RXSMkwyY0aV9FFvz7qDgZOtlpUmYGMTgTQWjEp7bJ7NsJVNdNbRSgRv3EoqYK1sj7PK1BDlufKhmJeHMZRJjHjy5ZUi9YHMirsTajM9gAjq4ZhKAlmFpRNRmB9JLQWNNjOGRtEqS1+z/XEJkSmbS8Qd6cpm7EdA8gbHxhmwD4St4PH/m+gir6HjOB5c7zli6gaMjF/lMglG7cNDwSapzpTZpVY7aDIGn19Hn+akQdEDHaVmJBa6jCE0UJP/RgGqVolEVMysw=='),
(96, 29831184, 6, '2023-08-26', '19:11:25', 'YKtecfEplk0Ka/CzOHo4g4jNZ6NX7IuhSuEXEnf3+gn8EdmH2WZdttcRhhy7b/qTB7eWvKxYS4WQM7c7yi2dGw7rXn31GevOm6py6fqIgq6N0nV0auD5702toxYXS37XHo2J8w8RJ6h3mA5Jq0UxwW63HVMqlDqGQzWjb4yCQx+09Fe9v/Hkp+vasshaA7CCfYtfjzs6K6GnTqbBCjEzB1ItOZE57MPamHHehy8cI+Yr/VsTVcHooGrwYKKHNEdcjTrkLq4VOwtAC3XTB1+m87SG/5BlzE5DTIZVg+z5IWlqjtuRNt1IkICYffJKbP/sYNzse7BcuI6xZ2IHU1EbqA=='),
(97, 29831184, 6, '2023-08-26', '19:11:25', 'PMomJ+oEZo83oJRzpyt2pvIshLLZwRxDvdsyeKOSh7kEseZH+rX7RqY0/yswCCXDczQzYvpOqrXDyzFS28fCE2/9zlRxnPASFycSd7pt0esGc9QaFfDdlffXFBi+FJnbRDd3OSTcxd1x1Hr/NjZU4CLVPRSrcexPW4iyVTiK+RAzv28CezlpE82Or0TihvtBgG2BEJLXlAJ9jXhLPUXFqqenDWb32Nc4bNShC2RW5VM3p7rI9DMXcLmTvQuNEJAQ4Yaz1MOVEG7a3Mv5g/MEyPD4wwS2zRLuci7s1ikxhw3RkTNg1fYVlPPFrE+Lp1hLRn8l05KIcGT1nZsdfF0SAQ=='),
(98, 29831184, 6, '2023-08-26', '19:11:27', 'II7ql25nSLTxJ4R1M0qpUBUlcO+tuhaSCdloZfJu7soic6fNiFOP2yhzo+/VbzORLvCEzkOIDMuGkrfAI3NDVgrkaC+8LfDICXba5uI+z36B5y9wfCVJCY2jol2Cc9Gd6MteKZLs9KWUmOfyYHUH6EHYnlHOodKD1XyPumxY4vu7Qzh0KqhTOFqz62sl7nlNQfWnxLjgUVeTDlEHNFJwQpB2j5g0IGMiv2yHq8FGAkHHd8lEZ6Dp8QDiHKtoWB2agKWfwiGa7n43qLx0c0hSa+5n4AhQ5JxbX1WKCrc6V7kKTqrCPB8nTmuBc2mT6DrUCFZ/ZG1oSRvMIFjS31pzKg=='),
(99, 29831184, 7, '2023-08-26', '19:21:03', 'TEJJknna2PQW5bsnJTLhYRUf/Tzizn1o06kD2WLl54i5YrdM/JnLKYL5KKiQyKk22A1Jg8vZKEhKx/WsnobHuKNLlYUpeW3KD1/a6rQ0wGJ9uDvlqMUihoGzyQsD4/uqfGBQhnb1gFmpJHpFT6fuBeh5iLQw9P2Nm2dWcRthDO7jNeMzysnVF47iSzHNcAK/wwueY7H3IkX6GKeKarqhaWtbX9HBbJRH1fEe4hCkpJM23K8LydHcen+SuNLbP4XrCSay0YyNgN8Iyjm45Ys8KtAQVyRjcMOx1V414TDP4a09+QHEKCiX/qd5rU5GHEVbFU9CD4CbgQ14Uc4cpYY8Nw=='),
(100, 29831184, 6, '2023-08-26', '19:39:08', 'qbugW5kYMIo5q5UF4LJurhbadMCxzYWp+F4yk+fqTMsj2qK5chnO7woObpmeXa+zGY1OgnVTNrgjWSHHZYaFTjhu1yw0MMFS4Q1i/pQCuqqLy1lMOeoZi/2GJjgHyHWQ1opBJZfJPu1odjhVjIMY7+aRi+oU05ywsMijma41ZLUBPcwoH+Z8SDF3gRJ2kiH9m+V/GnTs7xt3rFKLWDk7sxNu+tPpEfa1MXpM/S4nL9W/b2+NJ5i6r3KBu9yjrt8AzKL1VEbPBiskwTK7lHqMkh/FRbtwET569M/Zb3EduS8FDBkTpH2kC2QSh90i7jn9j84ZN0lCVNL9bEv5aM2ztQ=='),
(101, 29831184, 7, '2023-08-26', '19:40:03', 'PNfWwjOB5VJqyvqHahb9zEgK7s4lmn6UkwegVbk3SvVcssAW8w6+KZan1sUM6GzwZ4Ha/eCy9k+g9B8wVkIONJfWWZMa5TqGNeNQudqS9hrETdAltM2gt8MbqoHULhelr2Jo6xix4mJU2MfPCPmP4MZgq8Kk25+gQ8CI3YfRKQA41S8xAaAGRvVNBrTl9XAnK4puVizrzmknZ27dj0q9bQb3RxH5Ch9VDLzHdblHcXoNQBpb+0toYKsCyE3rmg0eD59jC3Gk1b20zMy+qCRsHfYw/Id1uqFvfZMrlVun0eO45LXIXegBrdRd/hi5LMfOL7miEfq4jhflplSQQpOZeg=='),
(102, 29831184, 7, '2023-08-26', '19:40:06', 'iCAHRTks130dUefh9wWZ1KTvO+XR1eBuWg3RbDyLi9XgbUN/6otkWBiCXCBJU99f6DIWOYdkLm2Zu/aWQN8jt6iVZNHzFyEnSj5+TCUvDNhqSDf/VesU8d+HUETaBYssg0z3PDZNEFy5X3UOM+7VIKbn63Xj2YGRc5TxYikuQNtuIhkfATUA8AVYinkoH6/t+C2LvHEJ/WgfV2TegOaXqzvaGazrWkWo+slXmYXewcsPejy03c/s6AwEVTUk6+my7Apld0ymFmuMwCZ6Xo1vMNswWSfdDxnhWw217qafvDDiqdM+dGj4k6+B2q4WopEpjIjrq08eDhtJ9TW0AlXUGg=='),
(103, 29831184, 7, '2023-08-26', '20:41:40', 'm0dcNF+hobydCcivnEh6iJT8JmqyBM8XtFnDir5zVFU4DHLU9wJdjMATZa725eqJL00HPB21Fgt5IP6XybIsDICiU0RqsBpk5Tdm30eFIFzvZPpjHkqieqi+kAgcQL/b2t7Dg3I+H86YRU7A1Kz3KQIWh5KV4/dV1Rqw0b3g1Di5mvTULHpCYC9PbUN+z0BxUx2NNr8Lylv3jVdDvQ8rc0hn/Nq8C18r8sIiFEy8bhByuAtFyvK/Aqvo8sO4c/NWLz10186nLxCLQsmVOMGXb9Hjw2VtfWWtCO+tw2Bc1mSW1R8jJ9TPMK9LXnbqtigNvSbyKoYL4NpKb+ToM24KrA=='),
(104, 29831184, 7, '2023-08-26', '20:42:14', 'gS7To2W0DMV2PU8b1zRAbLYMg/1UuFAC9N/USoL+NjufAsNc+gEOUYYpg5t5ZiF/076qnSpfdKBsz38q1/wc4eC5ff0rWk8hm27PY5QQNAeZVFGxnH2XwCzpYB7hKOniW4UDQEdYPyEd4+9YsH0jRwLPEFqCm4nJfLAydmB5oyIfYZuhgzheGRvXXLH8M1qsEPiPZo8UIk6/uIzLEN2PcXZI9bBUfCQ9z9SG21UiZFeZodv20wrpDYew6Q9DyJxBJ+aYsjVyZN9ehXCKAvNv914sCF8mj1l5Y3dyjmknKAC0wK7yUnE0DXTjy5qsOWfQCEIPAjLQkoC2MiNtQapJCw=='),
(105, 29831184, 7, '2023-08-26', '20:42:14', 'o4zAhghbjj7QFOB5n8MHqTYD16B7xV95HWL+W7zjfR2byV2zBerWPdh7M8BjqwmeiqCFIr/DITwIjewSFOJ81WYjxb4iOXpjNe9Xdj5VJS4VV14PzIooAjOf5yj/05F/O2CSRUBH31OK/cDsSSD6eXH8kT502Mp3iMfi8KR9e2rRdpSR//ONKavgoMJImp2uvhuy/7CfnjecXKhN6Iswh56GUmgEQw6tn/ZTqDtQeWRiiNyLVEbyIXokTg3480YCLs1EcvMuk2l0OyVVfWjxKsAxr1JU0duysE9mDqfw2BtIhsyXpne+8Pb5EMkq33h5Xh9SSvjYuMCnx8YPUaATaQ=='),
(106, 29831184, 7, '2023-08-26', '20:51:11', 'fUnmdoXf1oSTHOZ6XkcnpE4tXeaGXmod6zpt2D7mYplo3ZRwGcfVQzKiT0KMV9Q6zKiw+cPMVeqBOVBpHcqIJ3WX5NV7WLEXf1/XZnYotiskehci2nxNbbhPr1ashgnn0/MsrDurv9lZ26eT9ddHhowx7PlBJheOJQzFiSZPQRLqwII+JEHJT2r4a2B2di9+1RHnEQSIbbMbd7c+P2Kup6DR6Ym+jJM57+gvvVTPgRJRZYVQJ/Hh8JpndIFijZLjbDA7XcTHUn55qZzj8P00ykREIMTzz/9EDF7sIlV6vgdhl6qAXnVppxw5ZCSgpmhBDuvjAH8of4AO2a9X8EqPOA=='),
(107, 29831184, 7, '2023-08-26', '20:51:11', 'd2Ob0UjuNtaB2tvuwppuODc0jntthVG9FWjQXUsauBozzHAxM6e4aH+tAmGr1/b+R4EkZtBpeFYUhiApkrm5SEv2PX/9hqOj9ENoGdE6o1W8zqQnSULKXgt9d/4JuVvcGMnL+E12tY/LzUtrxpGjwpHKGM6yhdAeyogVyCHQ1nSILmvTzHTaaB9dYaEy9oMmIwigkFF3Ha5dmVEdX7gmBcQsg2+S1n1G59hofV1+J8dDHS8fOywC0dJ3SZqO7JlO0Yg+IyUUaWESzQ6I2n6IAiN2HtzvENTum8XFXe6Itt/7x2hbbCLmq+WRyuJEHTnyPt9UC0jPudAk+3q2UpPLew=='),
(108, 29831184, 7, '2023-08-26', '20:51:33', 'J8UIGoUavyKWOU5wUN57AVsVEzTKhY4UIEqkJR8owTW8th0uEfrP+EX2QuncSUFtwQIfdYu5A6YMPQWuNzuDU46S7TPCHj/XmUVbiSiCeRHQMq1E8jof5JImFb8AA48mCtTUsRrqj/MCYz3RqCls4Tc2zSEyR4SZ3K0376YG1UFl/9hBTRkdRhuwLKezcDY76oU6q0apduPNOZCCt86so4dVxCjzrDmNx1+DXgLXP5fyWZCiHKuXo0fFDG5Dpy8fanrXRSQhxaHPVIAJYdJYQVbRftAtz1GhqqABJG+TVBPLNN9sGeDm6FSIANODz/tTJnbqwXlO8O7GvY+L8Jq8vA=='),
(109, 29831184, 7, '2023-08-26', '20:51:33', 'AG7pLBZ295XK3zu5q9W9bHbYJuIOlrRLXtfvecul8Bn9onyR+k3UdxZ98hF919QirFh6QibpD+/kuhVrSrIYd8KBOQIWCBHIURp9whPn8x9dbMUJWjn2FMDbuLRRFODQMu3rePbWxfFMwACaNoxKlAPOqq8C55GEmEW7I4toaF5nOHElYx6BB+cMo6MUTSax7kmkkiV2Oa6uglbpfGCPDxeITvvFvFSpGiniiN78zXxu0xZkBXIQ6kyXTZBQfNnqfV+gh43C2ESGv5xSKXv4JRGkdvcflzT0NRcexgN+k8bKFU2o8345pwUvHTF0WmSvfyCrIvHgAqk+cisk+06e6g=='),
(110, 29831184, 4, '2023-08-26', '21:01:36', 'BD+mox1mAD7fk0YAn4gDZmuw75bNFV+SU2xTfLmRvJoT4IbKataqm2y4Uw0APfVsLYn3M2RsiNwExDzRJDEWAdse7iDr7MWQnsauWVy8ZL+yOusYBgXwLXG/pI/B7smwIiVWVwdXzmMXmSMtf2WhICQ67aM2m32huvr/OFzK+ccSdqJetl/hfyw/bvJ98UW6xpn4AsWAu0/9oRocGlrqD4XxpXh/CkIPidgNiQwP1ZtmlqnW/hPrLAJSva6MjniXaKrPjWuPsveTcnZN+fo4XxdEM0aTlurunZnmziY6J3QbRht7xpustGPL93kjwivXefs6UEt8ABqzcyI+BwuG0w=='),
(111, 29831184, 4, '2023-08-26', '21:02:48', 'MfzKbIPiedVhJCUbCo4OcbMGadoe6laYluMWwxpMZqtO73l303X4M6NbEOJ6j2+MLiX7OwjixRAbBq3GvMhgflz45amXIR54CaH612RKsZzOuMAv0RQGfgBQ7FoLlAJKbL7WOmJY/tx6V/XJU9XNHNLhYVKgfZ2Vu7Sm28EYi3JCFRc1hDL5QmHhbB1lkupFR/ZlHBvWLI/QS2PjFmsW0yLNpafDCEWBtM9klMD5v7l7+Y/VFyMDUbctBNxV9bg143n0dorzE18TjbnWmkOFw6nXO/qb/kkSLCYg+O6wHngQAA2LVINXM/CdzlqfzP0RkQb3sxWTX1McLhxT79M8Eg=='),
(112, 29831184, 4, '2023-08-26', '21:20:24', 'XBKekzs90Bzz1p+7eow0hYWzF3+uyuwytjQ6b+qSz0IAn1az2G+OQLnAZmDosvNUJSgDp5/Kz4uu7uGCh8spugI7moRJxoEmRWgKkNdtuc7xkYKzkY7mAOOz21iZz9n/+jqeM2WS368mhWVgCtfSAkHCqJ3vcVKtE4+Xqwbpk3NhvJzqJ7L1FxaWaWT1W7UOLkCmVTc5hlmnRMyd+T4xQTUobnRdger+IJ7vF81Zke7wprVg69CgLpNuVpw7IzfOV61HqAmrbj0xELu+C4POU855vpyfxhJnslJZ05/jEWpooJf9Klpq502uhnwp3Mpehdj0bMYkC0rFYaQ8n/rLDw=='),
(113, 29831184, 4, '2023-08-26', '21:20:40', 'ON+G9L946MVcnYCsgSuHesCA37KCOx7mw/QYKaXziFmiwbazU88DvXcHvQS6zTGgAvxmX+FSCBtWUwZgajvgAb9r9pfXSol3/UMSFbn1Ilm3DTF8gpUyJsM0gTnn5Ugc3O0ZI/8OQI6MMF2MiZbteOExB9N9YQmTT9dni7enWDUcCnGWuwtVK+Y9lyIn80xWZnY7UlNqZ9d9Jj75lX+w1jszg6AKODD1loDQ1/zNIjhefC/OCj84M5yJXTK/xsiIaNaNhRy+HUlkKJxo82ENc+2yk5sZsvKLvYIu56DvVwxOxR9GFlFoKwVpR8MFzR/biVvuPZZxyl2/yGqPoJ3F3w=='),
(114, 29831184, 4, '2023-08-26', '21:20:40', 'LcrYlE/5aAk1Xot8UF2nHfc5GsFAjBE0vdvR2FgqwugNU8HDy9T/cl9HvniD/GQEffwWpP6Da8anN6gwxQdmLEZQgLWpQpppC4mmnemDYoiPPQ9Ddk8QCIi62MpU2tzHZccQHkH2r2QiqAMtslrw50jVveNhkHecuyinsOlsY2GJ1udtPmckyoGc2lkhrYe96ZXzzYrk/STkttq9SaThyXNh/F55fQdb12jx/yKZPzjdym9qYKmM+VW/iidLYxMBebgRjcNYnq8OKh45hPQOOb3kyKXL0NwrRvZH2ZP5btqLP2Yh6C/jj74aY/BCHRThypdrb6k7dAIsY99lVyPLow=='),
(115, 29831184, 4, '2023-08-26', '21:20:57', 'RD/i52WTeL9sz4iDydeWLt72W2zMe8tsAO6BNKAjv2lxpJ8HuP9SjvNlAJiBZ0Q2PSPsfntlCxl4IzI+qvEBHzUD/Fcpds6ZjFf29euTPIlnOGJDdGARgLMXDOpN2SWXg0tTg922MX1Y/UHwmxWlWAAUy+5RY+kYGSSyT9GSOKvqo5dXFvqp8n7oMHL64WyPcyk4FpCOaacPSoX/97bt/pDF/v0ZwDhIgeXWcLObeDFX/qG7R/zLP9/LHOEr1Qi9Gv3vGV7jApSVlA71CTrJHb1+i4/lX5tApqp+xvXYJbQwQoXLcvVpXDnHouxUYy3RakIyxRUqfaqH1okGHKTaWg=='),
(116, 29831184, 4, '2023-08-26', '21:22:44', 'lj7l/tI8gxTvaq/zxo/WcgbZgBZ+A+3NmRXH29b3APwTqCsX1O7r954h73tG2Lm9jyX+2bD1WuS7ddU3ZPkSxwvCRjalZao4uTkZA8Vsqam/pq+Nlgo7cRkVDVEdv/kQxJLI8vuQGjgFTpQJ+ZMux6z7HEQ6aYjdxUbatRe/JvV8mhMzMSMaDFm071IO9JrJauw/PeCgytLBpGnMXXWs+haTRz49oWCX+iNl2k9yQTdrN26F9OTxE0pcjyd8Y1YmlBQogJvcRoWLqRWawckYSylm+PXbQPyKQa8LpcCzSS4vUITpLR79jwldGqFpSRqDXRZ+DzwVNzm/pPigVYuY9g=='),
(117, 29831184, 4, '2023-08-26', '21:22:59', 'i1wG6n1XXF0qxlD6zL5nSPCaSIMRgiOyMCROlNTAGIcgJ3mbSviVTDV2t/cjiuyPcHfBdYg87Ys7H1f0rWznoGbvAJ0LKaX1f6N9q/uBTgvOLMXN3V1Y0F/F8RKhVHgVrz5Lb7JUCg0wvw2f8f6qMS69M7zQH4+ThWYQUFn3ez+iWHt7s311/yubqaL8JwX2JTv6aEjwz673bUHhipxuJzvQIxsjdUb4xWOaaUe//u7MASh5BbtNE8wuTf0Etc9YjrFMGFm+ctVaz9bL2UAeMsWphW3IWyIhk9I8+Zd+bzr2EBDLflSsJqWufxCMzUbJ1VhOgzjQGdsAmEMuGdwzHQ=='),
(118, 29831184, 4, '2023-08-26', '21:23:23', 'Nbbx8uQlN8/59n4L5om0xlzyb82WTUSdwmywGuH/N4DnjynB2BQLMu6Ac50YUq4i4lmrQcLncVB0kFOmvCxtkDrewElqrhr8/eWVmTZ3Naz6UBCxcL7R0/NrYZz3J1BtZDIm+/ILcdYQEpj0N+h4SCBC7vaVE3kMNUmRtiknB2/nKJcfH+kw5IB2THj1E0TP2xY6lLh+rmj0QyWsmdT+5bSXOZ5d2Dh8ZYA0Gs0fvVI2YWoSqvY83WP+tJdqtDb1pr8Ei3Dd2gWK4OIja7dvninnTU98SyMWMcriunFcfFoA9IjnoGKKtZf/1CEIMCAaaPH+iP9gz0s/TMx1xBrMDQ=='),
(119, 29831184, 4, '2023-08-26', '21:23:44', 'oj3/AhN5xmmQwWPZtvjFEUcrfZ4Hj1/xUJJBVzol3P1IdWdzCuuKESdhB7nnvRxnq1hbx7dDmf0AmMPEVhLZqsa6uyE8KU3rVUM6p8N7NIjmAxGBRGdHPpKk272mQX1yzT0+RjZCu/q6HQPdqjYZijr6FLLM/Xu2R+tUJDRjnVeSLb7pJFCtwZv2afB3NSGxy7M57ZBtQyEdVbyrPbpXi6hlb0HCuw4cLdc5nbUClacGPiIo5Lgs0FTamBAMwOVvlGPl+m/RMtQJtMtwwsrRAHssVCQNCsT6b6t72wgW68SjtwCPIr3BH1HKKN4Z+91n7RQ+wyjCoXABcsiJa/HXRQ=='),
(120, 29831184, 4, '2023-08-26', '21:25:57', 'CfaxR9zU8x2mGv8CxZaVrQp5kkayh3nJHxArDykaSPqO0jpomaKcArlMEm55I9L0sGgcOt9FNxXssE1bmXcUcaZquQ4d7GflgYCehLG7X8Q9xlXCNwPENRy5ZhIG1ny5k+cvcEw2/Bj2wsW+B9q99heFqVDChlCPMe5YBCfuAd98kbi5Tw9fcTYmdJAJ5r5/oGgfY7kgjWha+exEzkoljI+eFZFSkRY8EjsHTPlDaClJ5LYpjut3ymyGoaLdyDR1PdZD8Q86pe2rqMRnRLf03oZxqLGyvVbyeyrgHx3JUaNxXHGoHXXitVMXrxDwinn8VUPUZZlJhQJQ1lz/uribYA=='),
(121, 29831184, 4, '2023-08-26', '21:25:58', 'oS8g8Oki0E4o5UZXIEE64uoVMU5WP0/yf9pXRE0vLiXpSDTP13sGxFuAS+yCXC5OOm15hGIj4sC6L9UfJZpUxzPbhc28CU+hOg/MDYJqa35n6vN7foQbmJ5XvX2JTaduzYPTl1svQQqNTlSP9NCu3Xh/7Gup/aSxNYH/YiUkf18vTLySDBtJjfGo+dLqYxhGFMPPL4Rb3DCJ/KkovwRRYfsEtYCqRLXehBX5LlrQZonpjKfyKnFn6YJF6RxQfPvoagnQq0rjCkI38eU4goDIoUgihkOF+ZlZRfe53Ev9fNiKg5TwiPtGZCO1O/jtfoGzHoaYDzfKYfcc9ksZof5u5Q=='),
(122, 29831184, 4, '2023-08-26', '21:27:41', 'mqluMOgl8eqZHjSxbO0rCuUASm93Mk+PAKcS/PbKyJraHnbGmUwgrSPTWNWQzVpKJ5DzBTXzio1g6GWe//qhWA9aTGfdW2qxhF2IqzDBbBSGqQlZTt678KVZbLvmd3R5wQNi8ErSsO7ezFaeTA4JnLfQKEd1zoOxCFsShIa5XhTPJVKAHs7EyceHU7vAFcDfvWeOvYbrXSpJtS2h3p3dWm2FEN0g6kJHo/OvwMFPfl88arb2DaCjdgjCUvQWaYL/Q1tkzy2gC+09YlqzWH/iMKqB00VmKhmmodF5NchOwgjKGoObFPNu/NKMqqtDWKG+G1jE6MhiQPr7vt0mS0gNlg=='),
(123, 29831184, 4, '2023-08-26', '21:27:49', 'l5t9lebarPflJe6Ds0vIPR/zt+rpJuMF0H22G8ieRXkwLPrQ3ZCxbZVwyFtFINVrf5GJT26ywV6UhOeIjituN9WNZxXzBPfS4bzMcxDQb/kdbInDBb9AilPZZ7CE19YLmHcbznqZjmpY3MPXGHloNoBsoq5b0+FRuXSIDCqcKphoIq3Qcm7sLfM8mazxkl74KB6BplOzX5Am2eEukUrzUAMr4KRK8XR82ftZ4Nr+A9onmk5WTYNPCZW5Ycibh+pTE1B+289pxmvhIKDPKL6OXwlaz/+dg4pjPnx5RRz/DtAzXbQG7azq1pccaiuPjaWYyyGpO9PEsDJ7EL9218GvJg=='),
(124, 29831184, 4, '2023-08-26', '21:27:49', 'h4B/mMlbbSSH3sv9S9x1FM14Is7agw8V/9gDfUYLnwtJ1G/HDK7sIIIrs123YVscQxs+UoORgZoZ1J7qrmnDG8At0GcgQJFrSEZMmreTfEwOxHgRVgnkzl/e0FqlRe5MmhVBB4JTeHdZfm2Fpog05zklsF1B5rfMtommW3AnGMTCkWqtTDCKhhoyT5LMcwKrBh5lNvsOhgYzF+xI6qGQZrCVIjtBi5neWD4N6ZP1E7lVwodsruLttIhpHTmNaIkRVYJeIIZrID+KxeYitCoEID3JGwiBLyUOAYwN5V+JZ1fvLg3FNHIvYY93Jkwg2WjgGYdif77BxvW/gtTdtY6H5Q=='),
(125, 29831184, 4, '2023-08-26', '21:27:52', 'BTM+XR8oOVYhvoo9d28C021bAjCapNpTiJp3LUF1UggS9eeauBdMMQ0CAk40l70gUqAVFtQjoCAeD7TgwsQo4U5aPtv4LmZ9MOo4r/bKpg9g5Z5hX+10uSuqJP++xuq4x9FSI/oszJtiGf9pz7ZrOPtl1fMYhTuB6YDvBw+zPZVNRJf+xpejFvEgyi8RwBnlELHy/qeQ0HeZMIELwEaYN6+Moxf2Em3lQ977wXUcutztZeAsgCYn2QRGuC/tM59v0qoYbJL9m2PW3gegf7BtOU6S9EfpE43TIvpFEV7iTjlUUv6lvZI6EtyaM2a0BsrD9DA0pd3vTbEtAyvHKpNaRQ=='),
(126, 29831184, 4, '2023-08-26', '21:28:44', 'dBBbJmeE9dWrPnOLZ5s3tReQ0cIda0bdDQlg8mgiWBJ17q9Ec4+nj2tjHE8G9o7l5AWMEOszoFuMKVYw4Ek/+41tItgXq8T0QYClUoqaWuSxH9AhnmnyDAb8Hn6/zxb0OervPWvqiCwd0Iy8vxthkZsZ2oPhFJmDYqC7zrq1+FAfKRjUcsX/qHe6DqXwcCMPmj84o9/ROAEWU1lnU837LYhYXfBI07v4Jd8ig27OhkyL3WSM+jznj0V1T1GduHBlWf7bOK6K4owkkCdac1WQZsRNOfRmBTyfUY3OQVuZI4RRNf2gH+DZzg2hdJF4zysFOaifK4wZC27i3lwOyfV+Ww=='),
(127, 29831184, 4, '2023-08-26', '21:28:55', 'mzzK8F2m9VosZHBmG21zmR8jjdMoKqSN01eUDZMHXaQAikf8YbLMa7ifRf7n0Quuzhrba7yynoKlvcnorhnCgGvnIbwFRdq10+uws5fiarqT9JUqT5nqmocP6TBO09Ab5vxb/lhPJg5oWvwjEDzTr0j2A6eay7y9yv1gJ9WDrAt1bVdJLLuiQW3nbT3xgLMlOyOANPeMhZd1gTtCQROpihj/8YmR24pI/YqMspgnvV7ThyqEMFuT4zhtP5Bcnola25+XUAQr4idU3vv4IaZzFObZYhsaAseNX+CA1iH9mUAGJR2XNjyvLElj1Uf3Apvgvo7b3CYeG0PDofc4QokuMg=='),
(128, 29831184, 4, '2023-08-26', '21:28:55', 'C2SjC+CsYnEzI9cTOr8tbS4dJise1o4UgFztbct0vcjDks5sKZeSSl9a45/JOFxmL7VMrcS+GXoN7LmpY/HPdEKsm26AiD5fKsFLw4TUP975i9ta6lYoyLae66nDDFR8h0fUpSk2UxtNJtEsx7WNWSBvVBZlrQMeivbBo3Hrr9mjNA3OldXnMytoiuS7l9GSynn6Tu4nkSMVrtaZIH8voXh77p2mfnhAzuyLZzf2gKwfNek4+yvtamk3FpWw8HMPL8bZo42FAhcsz2hA6zcMADW19Qk/aAT7lO+rq+w5Mdfq6NaTaRRdeCwEh5QKDYgWPy60UCYiJx/3j3W5C3JC4A=='),
(129, 29831184, 4, '2023-08-26', '21:29:08', 'DJW0IyYR2/JUNxl7FU3JPboCTUtVQ7zHSeF9Kl1a0fGY8QlHLNaA7aE2WSLQpoktpwBjRHKdE4cpyZB3Vk9vIy67941uOw7l1pyfe/WvEh96EHIO/gw2vKHfQ67fAnWQqENsGcblO16XdMgsDoZ7O5Zf2CtLstZ5HXLlNN9IjwP0bAwQ7/faasgcBnxkIxjzELnZOjVc0sNxG/r5AkJ2lKYk8z8aiFxGK0eXA68GXhqsN1LWwdqb5gHGdVvqzhtJnYtwdHWGazXgKbaCXyNXeiZ6XeNjf7Csn7YyuEIcbi5q4hMyNkUhMAdJM0+XIOxpzW/5EXgvxibApQF0Up8pRQ=='),
(130, 29831184, 4, '2023-08-26', '21:29:08', 'PPFEhQhJBSJad9bXPyl59WvebZOT2zvTsAwj6mTWMz4gzoIn1lVWQUrx6nzC6FlBcAcHILKfl1X+DgnIyoVfLR3vUUui2IXsBy4KxwEAOFA4vlNg4zWeeePm0U8sCoN92EoTcMRY3QLJOi53SuHbOooxQXlGSxASIugYs4E+TiM4IXjxgqg8vMbiNF6zLojjgs944ylRweuHyh6rgmg6GMzkaFxIyiUuu1uA1/eDLwvI/l/FW/bn6BjFD2FXtFgiQ9c8ff92Gg3cstZisQfibd+jnNUbe8ykhV6QSRKL6VPNpY66Nywkatv+zydMbGp1qEh8A/igkodamN9/YRDWNg=='),
(131, 29831184, 4, '2023-08-26', '21:29:11', 'ZFj2q+EnzNRS/Md1TdCBFK7lvKrr7bhh9jKM7nkuCLf7UkkHjdGAsjRNEl+kQ/yE1CgOCog3IBCZIHXCQz/hSS+UO2T6j171VpOd0u5ZR8bvJQsOqxi1O5U7IAgquuZmM+vbBn8bDayeH/Cy40OLVL/iZKvED01gKa3neSEKm8mrR3C7zj/OnA0pZCmy0e1eVFUzbaRS+QuBuIFmGG5/pAK4uGE1syeKklhQaEHGfCpZ8Pq+ZedZFPzxDZFjUDH9brAPiDVqSb5N6mtiYWniMOi9oRMkSSpk4wHJU4NcYZAF+KuPVoEC5JJWvub2RZjIjgbT0hwjNqpGHMzntQpczw=='),
(132, 29831184, 4, '2023-08-26', '21:29:11', 'W0x41R1j5EcBW1PFvsXjOXheScLuw6ZLjsGTZxhNxVl+rbPydUUEF7AFWptrF1tIW0vmn0JuMohNfOkNBKRytkQ0kNf6l4T5KSLwf3xOvx9fHlP6AlBF5TIw45q7gi/u8dX/mbjOEjPLMpWBnl21iWRHaXfw+H3HKsgI+w11IphNiY0l3rEnmb8w6ZDFR4UHmlxwyIUc1x71zP0lyrBkaAWaTgaQJVgUqbNpv8eHggiZ53j/0zIeB8u5+2UG+1jrR27ev3eQczFH1xQ9nrIZuFFD3qVq8XNKyxiK2dk+hfp7+6KwuenbpTbCdBbK8EfWUMKdW1w2foa21yHRw8hvuw=='),
(133, 29831184, 4, '2023-08-26', '21:29:14', 'prAkDOEZqtLiPmMGZpRmsrLUQuRdunEBATg7By32AVtwv10qVH3rwogj8jxSHY8gWTKoawZT55H5fXvWMqJUNZeGBt3jATgHrb0YpBAzOeAZtnPGcu4ROiIEWNn9wZl6HjCRQMqgCySB2f2UPxMonG2gK84fFufcS1oZV1Tl3oIVpUClMZWBlLacqXhmWtZxpWz8jHKG+NodSG9WJQHIbr6CkFWBoRFQ1B/w3pQ1Wr/E9jNOOp/WN+ZPkid8yexuOcZ3Q/eARk3ahIP9bB3YU4bRRygC1gKw79RQ8SJj4CvBMDTej1rxu/Ji1fp/rX2nAkylJel/Vhx9KQvxW2faIg=='),
(134, 29831184, 4, '2023-08-26', '21:29:14', 'BJugJ2DTfuOSZSSqMJ44uge2QXo6koZTVSAr4uvs2PT+rmfnBxfL15VkJGaQE2Crfh+h/ISvUU682cy6SSJXdGNZj7WFZSepQ/V3jD5m0h9lYRpDfKFYFX1tz2WiT3oiAJUeePzRp/7zsfB5iQ3pkF9Z1e9509DVDuUPfMLUTPvoBuJsDvNanV3UUlczIIAFL0FPAWfX6pbvs1JOxwQj5pURWG2MYltQhJeT9XPzB1TuWPrBv+rDi0ARPDoJz6hGBoeAAsLb7Wx1jxZalcbNgacmXhvpov7ooG2xkwh2tZzypRvKeC/Fpp5Gknic2czUEn6a3wKDSRktbWkIksHdzA=='),
(135, 29831184, 4, '2023-08-26', '21:29:18', 'UHr+aAsggVJ74jOGqUitCJiC1jbeNlGsXDg+prW5YQyahH3gr0Ydxg2KVrwBiV203D4A7ron2LusAPRv9S4BgaU4EMFWm8Z7p5B2fFC/6t+VywY9LnbsRSdpazSe/9DLayP61tMzmUJCTM1RxFxqDnOt8AtBTMIS65BE27MjC+uDc7FLp4xjeLIMc/cCBynH/SylpKYG2B8kmwXz64mWFjqUo+3ylPQ3gqkyLGNWDXVOOEjRYXgzWzewVs2NmBFVipJ8ohS70ceWyEIBy9lVi6PpwKR/FKXertS+BkrXWiYI5/0jrxDuvO3AkzBg0XuvhxGEYZybMGaVJbrXasOR0g=='),
(136, 29831184, 4, '2023-08-26', '21:29:18', 'JdoFzvhXqDPxKIh2Lx1s7OLGFc7RU/ZVOFObc7/vc3goSydY9LMrhcJYV278JFCOnxSBrMATbJ37IDQc9rAS5BTzb7xMzyCSnYnXwhekMRSLPgteQHFtlXFyzcSpPE4DcPpyOSznf4mEcUFyfq5M0+Q7Mf8pJTYMb5d7YkkUGVPAcd3gbnb+RPTYETb6NDsg9lPN7vbuD8W32wawfWkbR7Ybdg334c7aVCj+L/IKvC6DqgL+hIsf7aq6Vqh9mLx0QwnZplm6zY496dO1NMUDGUC422Mvd1nSMbpXNNOqJ3468t5Hhnf3A9ieS2TTWMUBplURutfGjec1XwhUmkQJEw=='),
(137, 29831184, 4, '2023-08-26', '21:29:21', 'AxxRSdGcywLHSl4EEXIso32IsoBTPZnEr5dzMiHTFKFBO+QY2feyU4VRSNE44fHFDCJqtkQRzTGpJ1Paz+zujDjhznVMpOZhnYD0WlHp7dN+OBIrxbScJDl2hZAYV1PTkvlDZFlB1Jp/TIvS4NS/ZZVOp0U8txoFLS3j88ukdZReVwsjehOeRPBOOAbcxSNDru/IyU3mZcXiAq7iv3A31ff4MkA4DKxpzQjGrglpabbQ1fV+5cim8+Nh5ZxchzBUnl3DViWONH4y3qAAo6nNAAZ4bMi2dutCoZcubX8dLavOhKSgClv/qONoB4M7RPVHt4kdEKf6uA2vb38dFnTeaA==');
INSERT INTO `bitacora_usuario` (`id`, `cedula_usuario`, `id_modulo`, `fecha_registro`, `hora_registro`, `accion_realizada`) VALUES
(138, 29831184, 4, '2023-08-26', '21:29:21', 'bZUZF6RhxzfGubLGjJva6vOCrR8QmceaIt5f908QPAOYKiI/FZiRTUMnbLYKJ6kZnA++/3kZweVqnn1w4d5u3XrSjgDF042jfkb/d9S55JYcKIs8QZ6SUJtH6WnyAMdfqPPD1kXPhJsRURPL6USMdoBwSCeHbtRcBC1e5EXJBYku7QDnD16/mlfzGDpHAOcNltktpGOD1WGrwmBGbfh7MKEnEVOqR3GuWCUFrcpEQeMvAwk89RS2V0ML8F+x+FLta2XSdf/RDuPaiSKU4aQnnxZ3qk11v35mw4etTguJD/Z5KaRn7a2iP4xQevm2K4luHZVL4BDgSAMFZzt1mblumw=='),
(139, 29831184, 4, '2023-08-26', '21:29:24', 'ZXKHmEeMs/cLSftlzKELD4uf0xBPwVCch7bcd6hqv8iGNpw4KR71yZGopQHxZNxlwbIlOYw4/Amo5plujZQX1tBLu16+DEaKwG/ISM0NQzeOJo2sB0gLkDFouELJn1SkD4+XXfDMWH9XuCcAC6HHQwVxzVoAMtV5GA/LqCGsxY6zWtpZA6E1fbM/NJiTEP+clcdTkff5SYmUMuACX3S28y2F3AAzUPQHMl3lC3H80GE4bzozrHeBsZXzYsv4FM07PqYCfPF9LSLhKZSSNsHJmJwF91WeZe2D3KiB0U7SWMTLlIX+tilvfQuMoVgC6sW8/z8SJ9u75xy9VzO7MeI5Qw=='),
(140, 29831184, 4, '2023-08-26', '21:29:24', 'Vc6rCTfm7q67RgdyzY6VV2ebWARdNAaud3VBoe/A3OYHJsdYbfdkwKij7W0QJTuBryYhSloUgJCsX+LryHQhaXe9MuvexLoqHnvzGDnfomec0uE2qFuYK/Z9hjhIhf8+CQuvHVORCvvrIpPTLxDlGXdZCSKFj3Uj/AsHEtaRvaK0b4hrlRqwqI2Osq6r0JOyezDBmJgCWC5zLt6CY74+JaBEPEOM/IMKpWlVIRgOJaNhk827WNi91gg86jkTdlv4LnY+jacYmytQFdWfPrO0ffhPpHFDtZ1v/jP3AvmPuNCUjBji0pwfibTq0v9kLf18gbK6pOgO7PfwCsgLIQTh0Q=='),
(141, 29831184, 4, '2023-08-26', '21:29:31', 'mpiWO3eHPUqaFPnkwvjW6wQiZSbZGBTQeOgmJwSrrvBZiUNl3qPAay9Wd1FTwdl/obzKmY2JIDnhWcutdDsQQZTvygoU6xiE/ywv+ZUFAOH91eWJ9cAP5JXFyZkxW5Cdw1cHPMw/Y51GBh0dGfo1zkAPafS1ds8680wpIHqM2Hu5b57wyPFIGJ9iDhNtbZlaoOuB/aXIa5D0mDXiBWiyDSRoGHZCKRK2reGGL03OsPY5fufEJxvNaUkLWuMasHpHL3a5WltEev/qaSDyHTSNoAGEqdJSy3acvNJq/WZ8+w5/Ahb6bhDF/d1EnpKOYWt9aUUz/LGfyW3S5bWOz0g83w=='),
(142, 29831184, 4, '2023-08-26', '21:29:31', 'h4hgs9ZR5UcPctr9WRIURdsc4ovZyfy0lQINwYJoFm/lokxtcQh2PM5aA+NXuU/8DfqmbPUdmR16vRIePOb3m1I9UBWOkshI/ZPnVU8uMQKtZyzv5aVoUQ9vKUrfBMTcPwX85Tz/aVjRG2mX28gj9gN5oH9cuoavLkWVqKYRHKQs9TyllzOaiIq7UsX1teIQMq5XJTvG43ye1QD1egzPkNiT1CRDYq3OSy9bgD3rLkx/yzpLBFNgfQAHUW0BjKYszSdUaCzywSXDeX7guLKSZIFHNn4Z94hzhIBgMeVkkTIOlFvurlYsdZgU7jgxysL95dBdI7QONVTmPndzH8TmVg=='),
(143, 29831184, 4, '2023-08-26', '21:34:39', 'jA6bwTnsxrD0aZ/g1yhhCinBGV7WPI69egO65LLzSTb7bcLNoHIt6HJszZbWBvoffo5demOFQUhrA6Q4FWY9o19fDbTI1DO8mBk/wWT+5P9pbOrEXimNcWdz3uKl2UCxA9lWdRklGQyLP5BHZFTaMXS6ArVlrza2Wkzq5+iuJDw5E0w5m3Gzpg51up9QVB1ZrB+bEU1uznZZCpCd3qls0BzbkVZdjxTcQEMl5ddYJcRHbwwtH0kyKLxLbx5Okt0v2KjSzikexSRqN8hJwRy8pI/x5YIVahZGru0P4GfRfIB8FTZS1eYXwwMgokboPcaT+U3CsBExS6rx19CiiADn5w=='),
(144, 29831184, 4, '2023-08-26', '21:35:25', 'b3VN/1x7EevEG0D+x2XmMWm3rBM42IgRP49IOX4jlBNyrl1/zQcU6VA4ZaRAH41HYdVwp+Eui5qEoOj+Vm4niHKOsJIy60eNOd23osarwyDaRVjAZkw6vwFD2kAFvBSvAActcCUQQq9A/KZd+ckoD9qmdy7yWF1taNt4Zyc2hQPz7trN00n6ACHKl31VrnIt902yJXFhlmHJVfdArWxzYm6liE0iaQWatF5bb8uYnYc4I4M3ikn/Jj2dV9fFvP5J6xdZBOTMnn9ab/FSCEDCHsGJFZoFDQaD9keoCm0Snr+t4lfABqumTNqbTpCN1APEhvAFqcg6WWGbNKeMCYRMCQ=='),
(145, 29831184, 4, '2023-08-26', '21:36:25', 'lJvLw9DqbkOwTkii8n8sq3YiLVw2KWKsQ7FHfo9ZDDeQoxDcNpi/gyN26CfWol83hiVCGD9L2UJ0hbsTcEw6Dksd4E7nZx6KLo5Ec6p7K25LIqww4GTWi+29n8GO8JsGubYpUfclyt7U3P1klhRQNAXOk7HNzfw5TiXy1tTbtrqsWtA18U6zdlY21Jrompkis5iUo6C5bzLsAfbSP0so0SFIbBduuphyh56Ajs+k2owSpSPVoqfsKeIxBDlCMSbFjnavTZsX6eQvnHNyyXBM+skrHX5bpApPnf6QapSOU5j6tXgqcxsegQnF50Chf2NH8azeUpvAC2apaYKWknEYGg=='),
(146, 29831184, 4, '2023-08-26', '21:36:54', 'AXdcxTxIeczSP6IvpxTw1WxFs8t6PPL1VS4cJacVMaRjVH6kptCUL+3NwuLpZjOtD7z9jfZYVVdHc6pbVCAp66140fhqT3ObmjieQCkbcKEillXUslQD/ImxixBEVTJnpRAfmFuBMBZfnPS/gPenMKIJ8v7bymY0JycV6LPgPvEFegP4JqXU2pp0hX1s8++z5ZS7uBWVjkncB8RWL8WcV1MUwXTGNwfurC88yA/F0o1KKwpm9fbF/bogUGRex3NQZq8Lj/w1EfnpjMV0Y9Bb1WQ+kGGSPgoWoOaA2R6GGNo4qbG0RSckJtVfsHphYoS2QarEJ6p45K6H0h09aOkEWQ=='),
(147, 29831184, 4, '2023-08-26', '21:37:04', 'fh5TWESUw3tm8ta7ggMc2IpYXUGaKR//MkSvYz47cNOlRw4OdgCAUefiWFzX50FFh1aeITpkSaZNBseeY5f32GJE6R2Ia73tfc0PsZH6JJqFtjJdCcTXWTYK614iJNt5zKIJIJ2EZ9W1+iEjn0ZZQY9Zo4IrYRxt7l4Lu75RB3FKRuuj6IK7GxEtWsTyoVgcpmSHZrt5dDlFhFlwWetMZq3U0Yd+SdbNqAW2CuzStWr8t1r5k5vZRdFXCk/YCcB8Dj6g5iTRPlRjP1z+PoPCjV2qfir0qlmBAq8/LyE8TxPA0UW6pXlk581hL8GHiSAmifMm/6IwK61zsVcKTm4Wug=='),
(148, 29831184, 4, '2023-08-26', '21:37:14', 'BnzuvZUPhmPpuWyAsF24Lk4qwUttHsqip1YqHp2uF6S593y2rKf0IAhMvxIAIo0zXPPwIiaw7UbKdeGIv7HEc3BSni2glgJojFo4aCH+hH02+pCzXIOfTLP6SceiOSUmZRCcDd2WzVVQXlFpvxHBzglqcbe2O57SQ1RcfgLRgPPqAXm1ExTa85SFHoq0QFvXSYSDRjxFkGQcmqX51nSlEvFm7N8qeoSnd7gr2mhGBCB7an2ng41SoYaxDOrnuoGZ8PJaNV45PfMNircu9yrml2NTsmHb9JpXBxFW8CdtZzoXvbVjH4Oezt6gHXGfRfu9Pjc7mpeKYro5qqV+ykJiLQ=='),
(149, 29831184, 4, '2023-08-26', '21:40:15', 'LslGvITRNtyUu47SrYp9N0HkMSHXJZlwro67LXfQQkn/pwntKXARVVv7NYvzP2ikqPUU2EQaUnkDTkCwbwQnsnEfpE2uWHssXHoWw+M0pwpPF/VH5f6NRgJGUBdaYAV4yVk30n9v0lcgpZeS7U22lgte3KmS6aKbl0vLlqilJ5fG5H7rUboAj4WfDsdFZArMZjwCRS9x1a/nNicqKPryaL0urFHCGSspFM/ncusCaIB7wed/mnUWDzfAmON0TurDBWhX6RowRKKB8CU65OQ+kXZptCuXDY+ELddz1iyD3Np9ZBL5XOB9NXPH9JdnPtjwN6UVZABpyL5fa/1yYGFZ1Q=='),
(150, 29831184, 4, '2023-08-26', '21:40:15', 'e535Lwo+Y5ubcv9EAGPZzQP3hAaxDV9Dm7ECqdTI/iWCyEfbBS1B8LL/9aeHom452b8z3CfCLqdoXaLnWUTJWDmLIgu9QNFp5dSX+UKpeeHuSFLlG71ylWzUGwsvidaJzFHcWsZ4yvzQZPTOCWokoDN7Z6wE/KKZtumGh/3U9cVOKfeAev5iIbdWlhDLS/iQ9WO9P1ruVz3SmxVGqwpU12ReWNe1gNooLWtk71ZJmTio+4/sgyOIz9cGx96lyWJeBSH5JqQak3iqOt+a+FXSDdtYBDBQcO2duqEOte9yv1EFE1hIm/7GY9OykLrkg7ikKS+Tl/EEXX70Zbv6NUj/1Q=='),
(151, 29831184, 4, '2023-08-26', '21:40:59', 'nuJgN2ejBP6apNWWM1iwUYRGhKNm6EW4cX49qlN2UAoRT0OTzPfV4b+UyFSzUKvHfJHuF2rt/XCtUPLIcpnMbael32nnYhB1Kh0G1IEXcTssNngWGAYY2wBapyGosWy30Bpq7MXwwf0Q3ZCBLzwymQOJm4wW9b9ZyfU1ULPgZ1zlOU7Ub/jF+mm4t6adwjJg7qJeXzhkgXivWB9bGgeLfo7RiTY+7Zca5YMuE4zSE5poZxyh2MnGw/T2P3BlQ6JOvjubyFPHinYUxbyM1ApLY2CLPjMMzsLvz3kAT+LnbNva5CGR89vuIXog+c/+YMOfYp9LIG94sKPJeB36+zwy9w=='),
(152, 29831184, 4, '2023-08-26', '21:41:00', 'qDvKXS3ZQcvcdmcfnbCy7wlpmE1oz7bIQb7V92uwWTLMnxilhok5NBmJot5rc0J1t7B+Jj0Kh8SBXLbNC1AJa8fhVz3oTAyg9CBDZLLqgvKI1ZTl6OA72B8Q+PrsOcMrHnQKzyiQp0mqFEko0CbhgNAnT/iQ+zh7hOwwc6Do6DKKilKbd9h7or3Phra9otTh1u7k9ftq7l6t6V2woDmHVQ1XraIfLQCsT3uK5ZMSDzzh2oMVCXjpG3k+qjvCBc9RjjPUOaK7V4iPH2PtCQ5IU995Ape7cBP006uqjq2BexaY/3izGVS9BJY3P22hcKLYKTNAHDm1V4M0OD7x6h6ZFw=='),
(153, 29831184, 4, '2023-08-26', '21:41:53', 'bfbZMpiH56gUXNg3AXKsUWsKKJOT6rwU93JrHnlBdOZGDDA1Lt7aApG3QXTV8Xbt8d9HcW/7JHFWwAdhoghSx9Lfr6qQMPlcIR0G4bKGjvhsl8fEy4a7U2ydwhbSnTKQFSnB/lkKyFF9mfsObxfWV6V+OMryCBtRmfQuCAzjSuU8p8Us45TPANhmfzR+3V3qk3gyIzptPQ5PS/kOxX15Hsgi/+E0rZapruiNPztZo9Utn2RQGs4N9Yc8ETD+0BdH8SBC8TmwycUu6SrbzscAKpwyhoCP1ejMb6VZwzcJ6+/d0WKWLQBEFBIr2LOJ/S3j3xKAHx73bFWhE14RBVhD5A=='),
(154, 29831184, 4, '2023-08-26', '21:41:54', 'gnihGmcRt/L/6TZbizSl41DR1sXuUeHHpVKGLrCsAx9bDaAzlXIyobhiuzvHJDfZkC3gGR3TQrXS6BZAN2QgDRXJ/3+oMiNikVeMbD+Fs/RP8P1OlBGgb58OGt1YIIiQ5YTZ0DdSGoDQKz4Sd6D5/ErYIFYko/OBSK9ZNlfC2HIPvSdvESnlVHAZJyv5QuACtegqYxHkPbXGn+FwVKhfoI01VGd136QePp+MNyGiZWgB/dUa5XrfLgXmEJKDFw1BiP6H8ZfDaBcX+cy2kd9GUOhEprrQHdjZYzKa4Qs3d3ooDfgluw9HxQ7vAMR2KHAwrS1kKaMVySeofVDHB79PQQ=='),
(155, 29831184, 4, '2023-08-26', '21:42:19', 'Xh9GPMLXk5DIpoTR1lwP7mCAgPTV74KUcVAw73XO4pYZlYeXzp1/DyFHm22FJkr+BISwzO07IUADYvVNDCenf4v3c45w9ZzK1Jt3/ZkMseBIHaGRsH7yhGalKwH1X02ESTd5C/kKGvF3CzRpP4lyXHNBy/FVCnRFxVH/aMHYUHsKJI9Qap8wrWX4mA8ft/v4OPnpnb0J0XTDXPvOXKJpDkmONH3d6cDVovAd/FVJeB9nZORcIRDANdSEiwvuM8fnG0q1wA+cvnWlXrTcJ+eUvhUSB5hanTA7bxFk5S8spQrNphKjEF07nVxLkLK+hs7HPluCMZ/yYYcI8B9uW8pWVg=='),
(156, 29831184, 4, '2023-08-26', '21:42:19', 'JeQB6uZTYaFnfiHdMj4l25q953T+X6HacGYqopQxUAUG6PuGx+wFJymBFfAaWQgcVCfHiAe+uwinrsIj+kZLB4Gm4IJD1fCMw1OCIsmZr1XYlzJjSVTb/9kHKcMx0v8nfkqdVyk76QmFWe3GlF2QZ9dcihZENVo4x2nHk/1f0iswfBU6mSJC2E1ChywtNonwHUIAeJzLZqsmHO+4sKDQkIUWgpUkaCNpkI/OE6zZKfWmxmhEPs95aG/2VJcw9MtdpQSAFMESxuGLtxWLMkgWJ1j9hF0Li5o+IOBRXFEI7UAkx8Tw1ab1IGbpjge+eQ6gtO3Z//66TTt91NB55yojOw=='),
(157, 29831184, 4, '2023-08-26', '21:42:55', 'AwVzrgXqFd8ZmApFFqqmHtOc9ppUCwK0ntsQG6bDE5Kl0Imn5kmQUFcYo7Bb2tAKZI3w5iFiFDmRkMG6nbQHA1rTy3fXpS8xrYpClgFhdGk+YRzO9yG8CMZokbb40FBOOn+lrwH3wQy1qyyULjIjXSMjXwZm3sBsdP48q52bS3K0wG3LBCJbXCpD8KXxM2NXSUpa6fADFMyginmRhhBV6DoW4GC+rd16HbSmmS5miJPZ+twbUvaY60+vCVvp5FK/GYFWW0zXxgboZm6u7rSfAqhg/DS7BnvGdQM7Zk6E3pvyr+Pkk+MBNM4wbFeoWsJD8/R/sUVvLDbDQqpi7D3TPQ=='),
(158, 29831184, 4, '2023-08-26', '21:42:55', 'CHnCkHxJ3wtmpRm+A0CL82mch/yqknGZAXt3dhFPSvuFVcgHtZf55YcOSeJEV9XZjoQ4tWqwzXcAMQQVtCP1ZdBlqQoixXzQGdWsjyWM1dqJngG0MaD69hq6nzAwyA2k9Ove1OGzATEXzMzxb9YPnHPlbLcHT6DB6TOEx6IW/l9wKXAXYtxU4ySdsoXxa1wMvodz1QUjzFqZdiiSxHq1ISaHsPLQseICLWzKr8eDkvm2/4D6UQNwyZircIPv6Q4w6fT8hRXKRituas/hK9TxvfCpHN3gMoOEE5g82p+cytwDxpk+PqhenX4/FToqj2hRDwPV4dHqKurVMTcNrqQdhA=='),
(159, 29831184, 4, '2023-08-26', '21:44:00', 'VAm6ThkLKLwK7rKpY3D6bAMSet8+CFwftA2vCxWEJmL6DGgP9kTsN8qr72idRka9gnfEwrl5a8uf6y37S2tPvkBZHpofuuItYF+PlRwvs0bMrPRPtOGZ3B1NSvuOJX2154/nB8/SlxT1jWH288t9QhEjp2/HDnSoKNZqxxGpR8jRGwrFHVxBdWPsxhojkm6KDNu2AI9ouTNos8c0EHreySrONJeolk99o14gsglb3pHwrEET6hSA+2hZoqqsBMhx4Oo0fSsvy95Y8dhGjcqwJa43dqxalfc1C/vJUcWNk/3zuHVwYq4MsoWNySkhtbGHnkspIsrpG8qk5Fq3qAZF3Q=='),
(160, 29831184, 4, '2023-08-26', '21:44:01', 'hlv0kM32CHiv5YZc0JOPFYKFadiUMsaU0Y8FoJVYIxyqXGpeY19tl9AyQIshxbGbyFcxANO+9ce2JRUQY/g0W5FPBivbC54tLXQA8NhPCmYRIRGH2l5VEK76MSbsGdLWwK/ZPY4cygDHt9v7KHa6HNL8xnf+nFSv6+Hk5Wa/qc0CLJkVYvxO2HDRJWwyLMTjGt/NAWJowgomaUXZihtiLDHSERS/dwAxoRW77sag4ZVbWSHNccIqu+K4Y25NEkXhGaIVGffEUulaUpq5qCe27YokL9T1hx+3eSGdiDGb/VciVDyUTM74aePgrD7yQMrCAW1bOWD4618Zn+ZkV1OUhg=='),
(161, 29831184, 4, '2023-08-26', '21:44:29', 'RZNXXWT5fDTOR2gt2HCYSIHzcJ8WyPtODmVCh7Es6ah9/MuwUEM9zYmAPtxDEtyFLGrkB+fXiLvYJpD0OUaOh/AygrQQsAw6Mj7BrKdXM3OoPU3LE6sFSJC1RyHtQ5v0Gi1H7Pj2wX78M9W3MwQSkXG62Qh6u2PsJxsOgbiDotT4i5ik9n4vBF4RgFJiKZVG6M2nYIgV+Pe1UopIi8BSCq/5B0ruXKWzbHn8poZKdt+oAtGPto4lr3G+o3iiivvaHSaiUI57itESLGIP6TEexqhjp+j57HFGuF1O63OkzZvMr/dP2oXq/Z5zjCSgBmVG/4+Xp44VW/eK34QVywqFKg=='),
(162, 29831184, 4, '2023-08-26', '21:44:30', 'hVpL774L9DUoUoUJ/06ptaFnRsxjwR+4ErQYHrY+G5be6S2HnO5ankvj4KqLiHSsvNq7l8lAR41izeJ11eQ7q1dIUOPEK8S9vmBSn9ZOX3pDqKZjMRoh65H2aax+zPZTLzNghlVBQShEPPZZAwfQRLH1AD5QDb/nFsLAcJf8lk79VlIaOLQiW/woNjT4+bVyu+Qy8G6JVw7EHXOZgi4BJo2yS97LvjXzp8WZolI41zn07CrOFrwCKRNqRpO2VooHlDPpBQ6m6T+DI+IyZ1Lr2+MUvWw+bsMX6oDMP/R2cKQ6x/0A7kSLjC8FV8pGJLKNLtUTB5YVq1tWBcsYAwgp6A=='),
(163, 29831184, 4, '2023-08-26', '21:44:54', 'hkTalcwN6jUBFbN5wY6cKPfWnSMeMsS5YHjKYEKvL2VQOiAEdoGooryd/Kb64KoFmOSpP8upMw3fq4eZYPlo3GB0P+h4MjkVa4acdFB0+MIDyR6LhvwDM4HtigbJu0QeXdsRCNRC1TfwaitbOGbUZiSQX2HalA5cO7FSysUPTl0n1rUNLdRHMKOMFmqHgxvzyL6kjCYwBTB4ytd+PLBrqGuNCAQbeIpQjxef8L+nLzDkOCVow08mz0I2undkDhm+6YxQ71dvgg/CycsuyfmPSeemuY1I2hJg1gxyBXZ49sWyLMj+SgxO+TNF7r4L9n8tFenpKyxrhqXT5gxLsd99EQ=='),
(164, 29831184, 4, '2023-08-26', '21:44:55', 'G8n9uRiinbhegHqluRWUjrusv31qFiO9iwzgIFBNN6DXUsnjUhtfshqDQCQ2OPYq8rQFYSiQHwuToQbeGB7kKn+alV/LIS0duh6HiqaAXX81odE59Yt7f+JrKakQL9FCPvT5USDQHA1AvRZ+9N2l07ozuWTrQxyCMVvsMWe9YPAJsYX1omuctRfrvhvN2xdMm4p5nrblQUpJsF0jatw2YC+JWLU/yL5lsvhUa2Og/j/7qdBTTokGVXnF0JBLBAGJJuknKZHr/m5Ex8uGiPx1pUC3pt+CQAxHhb4sZaYpqRNqGY9q7Y4pP6pZQweD4avepXlScFBH+MTbgli22ZsyWA=='),
(165, 29831184, 5, '2023-08-26', '21:46:29', 'GWLDTNUMyXm25stbh1xUeF7nRa8drnK4ZEih/TIhGA6dUMqG9nr97CKh7+ktCAd2zHXzCRP//BBhejqwdeKG0uI550KnS5yBTg8oaIj8zfumjjiWuxxc0d3pV7ZiEnNHeedh+3NXKBXhweHw0/XNFPsEe2XSUMF1LxHBxc/TOlvUrYrEOPlBkkGE7wecUJkGjFXKeND1tT68wkhegsermz6Z5nZdQtyD5KMdYXOvL8bQmbzqxm0Dy/lm1UYzkKY1EnCzdL8RsNKZrMphEHYJ4Nt4qL3wNKRnMAiVs5JsGHYYu/ky3aA+dQTT8NKfOu6fVBPMmx4Lg2ItWUaoupWC3A=='),
(166, 29831184, 4, '2023-08-26', '21:53:46', 'RM9rMxeskOS3J35uK8Mp6Te4JTV2wSkZurkaBQ236lT4Ij4zejGE07Htidl++jFTcpBpZ5gfIz+LIr+Shztjd56B4ibdS6FQp0v6wuRGzWkDlqDeHi6xY322IzZlvHWl8AOpGoVpPmkgzQvPPsLzxTdhmgKce2YbqdKIwV/KWXa0w9L++bj6zcnitJHpb2zgLKeLV9IR2Z+6NeVvzHCLBaeQodtHaAnFmaJvbw0Cpb9VOEJCtCOEetzwnWQLIdozvFv9hEAkdkzx60DQeBHK2vmi8WZh6MNibeF+jHurP81RF4ZHi80A5Rqf9ER7/3VmamVHDxhwojiJObY3jsoaxQ=='),
(167, 29831184, 5, '2023-08-26', '21:55:50', 'cLzg9qnr05O8S7V89Z7sRk4Fz/JmEBDiKAeNFEi6oi5AVhzl0ilRDFcACX1cZNahtU6jUNHyQFLGpeHcFkk2TdfuQpOYTY0Ap/i1kG2IJbwgC7B7zvrqf85CXwYlMTOKi1I91olAd38aKiBUEbhK8gA8COL2rIS5m9YU996yTC7/HDE6rVJWDGsaQc1QD2RqxZLdzFCqirBG7hHAN3M7jV0lo84kV/bsFXGhi3Ci5XWG64UXcfUb7WrXvOilPqhWjwUoPixN8JS0G520KuI4ZAF49AKovr6LHfCpl1yo4bKgEYy1v31+b2RYjtfnKR7EC32JKtvDcMpiq7wNvIHg4Q=='),
(168, 29831184, 5, '2023-08-26', '22:08:52', 'nns13R3teOGBtI+bWdFtMKJmrfaDQurj1Bu/lvWSbVibQwqWXulXFKh5rRJxNIeuMOnNeqMmtltUtwMAYbI13jKUtdb6o1DH6N20kPKgXRxglBEFDdxTXFqfwFn0IsQlWqFQ6Z4BaG93IbDFRp522qO0i/vUzlHYNUUwkc68R/ER4B/aY8XHdpLK7qBKw+lDBzbyEIr9rj5KfeikT2mwguk1TDXmVw2oa3voeDQGowKtzHJ2uP9v7OY2f2VHGyL3wW4iOt8ROrs0JZAHE9UpQGhyW6qQWK/b9oyPM67pXV/0ojshhKH2f3Y3U1ZF3GJFzA/7/ogqDW1rqagRgSgKOQ=='),
(169, 29831184, 7, '2023-08-26', '22:11:47', 'ZYZAJ96WLrhiTAGgd3SzHJQMmLQFePiFbWa9WlKer2Ac8AwTkWXAx6EmqJVYZAhAkvZOek4erLv20npplZEldHpv1lNMUS81cUrnLnNTNLAx6ivH6mxgQmtYU4VbYeuSzUTt+Lu17zFpUaPuwDZd+mdxF/fhBqCb0Dm4/mR7WO2vr3ovIcY3UotYngPxLSXGaU8pKukFWyTBTcru+tHNKcqv4t2lLcseqvZBA+ska/vv9VrX4lc8iJ+Mz9n4wbdAVXI+igAgx0FrT21+16yqy0UxXp7m0ox7QYs7QYJk8lRDSfgoQBbxEKWpZYF1RZqhp61L7XPSPpu06065UnzZug=='),
(170, 29831184, 7, '2023-08-26', '22:15:44', 'WU2eoDUhTmjaSAYRa360OzQVT+m6XpETRVGkEpcLZKI5CimooEwRud/0WQ+UceMryHnSxEbmLeEIz8xwLzuBDYFaCpRNYXG1i65OiE6nEP/jKgXPHAf+W3TIQCj26ZrFbYfaGTBG9kxCcq9T2yGQJtlZ9cthlXPNHx+UQQahQKRcDbeYcOC6enSH8funG2zRTggMSr4b4tvf4s7RCLg4fG4MD+2jO8PrPJRYSZ03StaW+c2fVsvpLgVqko6cwrBtxjvJZiRPLu/Alg2OOrEOrmwvpjY0LcCjtQ40Wr/MyxnZE4GYt2lcrBMTLoyY1cnv4ndoUDsE6rSPGQ3QNzR3AA=='),
(171, 29831184, 7, '2023-08-26', '22:15:45', 'c48ilmNmEwCTgObQnRbJAp/ixA/dHd7OehTRBZ5filqjREDgzkbKPa3kJ4zWpYk4YuNGVTLnbI175DeApebzbEc1YU6uPmcfDZzOtoCiZ7GCHpgoZea2mCW2FlkaFLVdPg2jlUQhhwfdpDEokMO5tn0FOXUo89F2UXKbL1Ma2c2Xusd3rIFSQaTiyntyFgQ69k9zfu52yyVEDGDJOG3bAnsLIeGmw2BG8ssRmf0C1neUbI+RP0AIww025J+vT2FLGK7aYULRMepQATOuC8Y4axGum1GQdtVpdDq9HbRhV52y7sOd0BOJiy1Y2e2LPGncz/s7W6gKc9EW54FoJg0clA=='),
(172, 29831184, 1, '2023-08-26', '22:29:25', 'oGqPaPUQs1DXOP6p0a1CpBjP7xmi6gx80pWg0EagAh0c2n05p9Jny+AZWTKNpweHsryqra/RBnJhAfDdLVA9DSIRPhVNXmxbXwFb/Ay72RqmkX5sAg+it00ezfUf+Nn0e9iheRHeXXSgRJggCO45rSCz1GILgqGEt7jDgObMeFQW+jNYVGchDtNW9C2rKNGdTYiInUj6onZDlz76AM1OH0eYe/f1bMKpAotkN8YEoqelyWBPmQ8vh8ylS28OjsFJ0R6mUKRspGYQBIevuw/L7LZeIfbVumW4fBXYelAwZgD5KLhiAYnlF+Aww0rtYtHmCb1zkEHR/k27lQLJg+TIyQ=='),
(173, 29831184, 4, '2023-08-26', '22:29:35', 'XG3cAWZAFr/+lcssq092nPd88/GgXbt0UoBWMJHCXhZ3ulaCbKvOTDwQVc1CKblBvQeNZeVQnD6x4ZtbzQDAv69l/Brms2hz+x+MnIsgmNkZTEDEdo6JIigRmuQcLoHhus3jF4eG1rwrAVwErqzVfg4JNxQXeb1VSj6DEoV9K3OLY2rGLZwCiI+xNEENnzXO4OZzzyH0WdnKJQSKZqCEB9go96v6BAZd/edvqfDKmJmWX5/Yhz7T9YsD0Ji8BCPBpiVp0JaO9bvMmYgZTpo5Ma6qVteoE7RI+wBK9V+IoEMXK/GI1bXB6aSOOHb2izErfcNA7c0Rc8kFK2XcwGrxEA=='),
(174, 29831184, 4, '2023-08-26', '22:29:42', 'DuUhOOdVbkmDXwVtdGpEmaL/JddhO3mLeHrOJVhg7zK+jLEsno9V86tF+X6eIIW/Co8ShegjwgLteNYXsvAscrmYUxFmrDVySwslvROaXpJSh9Y9nkYt8gwMzIwIlCTaBIDOF1wOr8kLRmAvRxXcQ41rp8I7iYvx42+gVZkGc2SG7h/gZzcZtxXdgyougPibsdVDP5Z7OsAV9aW11KPFHlIqG/PXkYV+KKQW0MLhOy2kSCZ/o6fIoM6EaaKHr09ic/dsWN6G9tY57HL7K3Id5Bu4ysKMNvEPbROMbAa0OJ36y9bfGhEwixePibWjsaoHc9nWpW/dnp1QwcIYpigo/A=='),
(175, 29831184, 6, '2023-08-26', '22:30:06', 'Ix1Q6PikVMiJMhBRzH+IIstx57MEDZSGUM6RGBkPfX3x8JO9cNbmTZqXDiWp4K6bm+iU3Kd7qFz/4KlIqbgNx+uAWSeKeKlqIAYSCZVzv9iRs6lfpxgSqa02DlNf+bgmBIKe0iopWFE63RwRWqVktB/BQBZkBC9UOENdbCXKS0RCWzn4PcmUhhg/62ytAKW9Hmn9YlR9xLgkefc+ji5VmNm/PYF4wikmXre2F3H4Zx2wBWMMraRMmqWJmMUMxTTXM7OaUWcWTKdPooCK2/8Zk0u68KyWJBMmF/iMAgbOos/3Vnr6jjDH6GhFrCQqIofXMRCubLHF5ReuH773D0dSCg==');

-- --------------------------------------------------------

--
-- Estructura de tabla para la tabla `clubes`
--

CREATE TABLE `clubes` (
  `id` int(11) NOT NULL COMMENT 'id de tabla clubes',
  `codigo` varchar(30) NOT NULL COMMENT 'codigo del club',
  `nombre` varchar(50) NOT NULL,
  `telefono` text NOT NULL,
  `deportebase` text NOT NULL COMMENT 'deporte que practica el club',
  `direccion` text NOT NULL COMMENT 'direccion donde se ubica el club'
) ENGINE=InnoDB DEFAULT CHARSET=latin1;

--
-- Volcado de datos para la tabla `clubes`
--

INSERT INTO `clubes` (`id`, `codigo`, `nombre`, `telefono`, `deportebase`, `direccion`) VALUES
(18, 'rerere', 'Club Poderoso', 'ZjaaRmv00Dz+g6M8GpiTbh88UiuOnNc2jVxdNO6aqtWY75V5fQFUJr8tTyI2MOEh6Qu5SDNNXHc1mPgSVESWNF94btg+fLUYGqwm6gidAy+jLuamsKBEKrGo6vyATQDwiqYJe6LmscWhH8Zg2Nve/5OLz7dwa8vcsYr06r+RghRLU/MIuuKsInLAHJlsAWIPDlCsBRx/lTOErXJqwK7IBIXQZKaRT9JzC3M70zTZDl0Abo05nIIyRO06L5oOIUj/sO11GPh8ft3OIVM3MrQFVe3ojEe94XEEJ8pQmzNu2Aab2rYynUXFDIp2u6ECZG1+H7ld2SvF66MqQXJxOE4BnA==', 'J5SjI0lMQd7VFZZAjV6lmYP2Zf7fu4OVRG+4cmlNaabPmSxzwA2TF8Pr4fppu5gS8DMYatthSlT4+q6TN/695CJRz4HFqNUDoZvo+mE3zCqoOAqv2CKiLPS2xxdd9b2ijXepULfucNwWYONhslrcGoLfNgs9VEAHwuKoGB2bK66bFWBIV1zItNGpMAR2Dz4P3M24Q2uyb5PLogUKQcSq+xy5NdfFBvzaZgS7r/lwzj5YejYZgNvBhS6gyrp2cmxIjbb2LSnH8O6A9jueLdLN8cWXUWhiugy89mfVXrplTALh+H56Ptq28cLrkK7rURPBIe/w/Hs+l5ausdhdn/8Fpw==', 'c5qTFit0vwqfcx1hsAlSs7FqwGSNjED+n7HAqu7irZ0LvY9ojKjWIlcs2JcCtojMyhR/Uf1by5w5ztHQhE+e5sRXPZvFe0nVabTQQ9bgZ0XEI22IP7GY1oksJ2B3jTlgCM/HZNq0dDqpJafojPCOrN2211wczWQt83kckw11/isDxaCxkwVW0II0k/vEXfcL1uunv8goHaUVrFmu9vWsW4cQtQr1nv+kVOSxw+U/gq/HpqRdWcfsqUMmk7zRYjzQSVLcB5psTgmIjO/ZNqp7YAnUnJgFWY1uRF0ROOGFS/z1dAymoJ1VvIAAF/Jy13gkYCzKA4OKQGWLKVUmo5NQYw=='),
(19, 'deded', 'juanes', 'gCX9rcx7p6dxlmIuQbS5cHZEqGAKnCfdgxKv3He5nFlBwPit2DzDO/mN+gqIIg5EfCRfPDfErcFZu6ccB88KhamEY/tCb9TcuqdYvlcVn5SiSwQJfUX2jqzu1T+pz9vZ8jAckVqd1wF3Z2ceK0rOkXgVB5G7vEoXeLz78St9orWX1MAcUHE/A4VTl5YVrkFY4uKtkk3Z6bO5Qr8ylvUxTyw6o/5TJqTp4yW7jBhzytDDPePzsglRJsYY1Fdf3g1/egL/6Uf0eTxEf9bLiiqa84zNHb6uuOCq8b/XslE4fJ+c2b6m8Q6yb6OnqpiUlce24xW6sUE+tXGKJQHmoA4M+w==', 'gDWNRcQKFPg8JJhN24BxYbAG6Si9ZD50ev8+g/0F8zJ8lbKfI+6EJW7eEkYP/UTEUYXXkysYa3rYJNOp2JAxmbh/Dh9osIJruvtvvCfuzZtczSKm28Ips39iNkKTcIxIDmwbnZyHUgraOqCKcY8DBnfB+J5Kujm+LaNxvAb+XE+VDQRVwqwyvIRQzC2LGZ8Gy6u1duonPTN+el7VF3dvsyVFm88zyvAd0lfIei36rMhTAtYnwsSfbYKcUy7skH0YiNz7Mzoi5waww6a6OuGaFzybBLuGSZ/bG20iUScNlTHcrLJw0NJFNS1DXVSgPy/XUn6muqhi/gYN6RnW5biNSA==', 'T7VOFPwfZCttjNufu2mkVbdP8ZpbsGyFTMmu+HqpVyXuT/foRBwRFchlwsdP2wkCKRCgi9hlvpp6yCU8fSx6xHmSnBRWipOkfcxSmDuoIZEHOd1jlSsMdAw+JPFTgl+MlzRexZtMPwpRasa71AuD5pl4n9SY4lpkhmlV1vAFi2Jd4qQLJOos95BoH2N7MDmNUxxH3pEHdrz/ttPYV7hKtTLgyFir6dnQvyMuOxU5gu0ndwnYUSKbFtAy/ro3xgw68mgzQvVqeI/GOyToMT0VDbyU2RKK4GGF5fNyBVTsC6eKN0Oc6k3bxsjboJdQA+8lboWiImepePl7BAPG6ewwQA=='),
(87, 'Lucha32', 'The Black', 'EmrmopVtHL7qCITV8/B4PeQDBHvCW0ZVZ663R0+yDmYWyKJwcoDmj5BpI2IVBJ/FqMdqLSrFKtCg+jvl25H4izg5JX64L1u0xLBGVT1PHan3yc5mFgu4RWxgyk6lRt8nCPOVK+i6+V/r2KD1LDQQSoVoikxJN+SHH2XZ8mTb2chxHk2mJdNVSjCu+IJmipZuvTzGnLHd1egIwxM6W2Q+gdB9VtO/kAOwSAQBsaxD2MtTKdsnKXadKy6M5tBqmLohZnB/AQmVfkLUZs2BKvpvOi1lBAQYO+tFvwxpHUEd94zSzHubyhcREDB7yaiE7ReI039VJdzPsijzLIZuj+UIMw==', 'o5GpmDMpXVq6lsORA+UGdpURoeFALJ5qJW+3ZYPSTB3Nxhkm38VSzfRNnRrspfqqdqure+06XcgKl/Y5FpR0kmTvlsikvCIGG+ItDd7hftR8i43JfrPD5rLobVmivmnKf4lGOoW1jQzAnCXwzqVfdRaDCYwMF0GwCbt+Gsoxwh+EnevV7gAq+zUI0f6maGr69qfUCCPKnrMu9zm+ArCXAGcywTIQAlGeO4hAizR1/Qd2APc4NVUbVgBhx0IjQY0JeBOYFkBfYDzbV4fHxlJXhX2TbLSwztacqKsGUgDnV21T/UmyFPVLSUgH3p0SWw9ly+E5DKGfPdSKud62Q8N96A==', 'rGdFDoGk4nnaY9C2K1ds6Acf/WYXDPIRewSheyxI2aRX5tNz7j+wnwR2shSdjFiXI44pIDZWoDVYfHdKswhgy1Is1rCJFRODr2ZlAmktD8fv8yK6LCv6O0Pjhu9jUHKAgXiwvokK1CDd1I5r2gw9DZPG0yrQW6UJKQ3wOa8ul/K9H72DHnI6AjLrfykGNSNl7q+lXmquhJeuUBP8wUwlRl1A8G4sJTVjYysNIKGaCq1f0zgCm/Mv26nVsvd7ORZQjIWWfb5gllV1cdvMqX6bG7Hn365h/Kr7WDygYE8F3wBkrnuKE4qBSxY3GquGwyvSaQhp6G76NcLVIfEiBuXKjQ=='),
(88, 'recre11', 'Boxeo05', 'JBbmiiLz9smIBexpYxukRiBMw6Khtasta2onoE2Df5sR+5CB1dv73hP5zPTofuTCTIg7rhuOneqKOok3WOJhobP1LksNh65foIxnhkBCre+tKv/hzdsAAjBmjoRKJZSA4qW5F2JzOTga0vPut2+OuHvm3BFntMjfrf7VLgbtcjg6wrp7asJpxQCzHLFPCQw3TW+PIH+s9m55qJAraGq2VCVwvr+1DBsxMrvUxLhQ8q6cR/rOvOzbp9HMoTKuAFXbjzxbA2UBPiOrjR8T3Uo32pfPOemO++NS0M64P/wHUOwfGTwdAnW/imcBWxS2NOvEbmXi2Og2ar/wFbjDaPIBoA==', 'iYvRgeE83z6KDtmss6yA21FR96jUbFcpJSMuCD2MZnndo/SW5QQWgUueIZSQIOb8wNdNXAnRL39h0LXRzqm1XvZKL8soFSRa5BLai/DWURMW4+4zh/W2as9CFSptfqufcWN2mZv3WQVuhfNHEokzvoolHmtqNGqiPkgMQ9Xa1Zhxpo2fPejps0da8Msv/iWvJvvxsSniYJoubY2ETutmkOKxBFkk5Vx/OMIPMI5qTkPjHhB9gyk1TXHJPt5i2OOtRaztZBY3dQQ98kvmamjoeGKmFPExOiWSo/l8PgIJRZYkTZ9bq6FHKURTQueqQ1NPZLOyGYtjJzSV9ji/5FN0WQ==', 'lX8UkfcCa1gTJ8Ok1CV+WDUuDY+jpCW4nmhDhELD5lrNbpHaTaCL2a4e6T9SFqWtc5DMW78pRDA/anpGqfBGfIbioYy/Z9VvE9jqZh3YQH+0nC7TV+wKmtMFIImlaKmBBgLNFgilMKHi1mN9GQNmIyksULM7UiquXTqm+KBGClEhtzh7juLXYlEWbOye0AiE6Vp6tZ+TglVjJ68NsugQNQG24E1Ob/md5fNEgmt8FwzfME2ua7ena2loLCr3xpFUHDfGnIYcDElbFwKNh66GSy90gdt4D8plc4gOy3L37vrHoYfqF7HxGxXf+mgeoJCgoysrOxGJoxV89zA0ZAeVXA=='),
(162, 'jbjbjj', 'the bulldogs', 'a/IaE1d9L8DC+xnw0IKQ9jxQgRUGHks9/8rj3gJDpN3vQTrN1/lcEhdNUrlfE3o3DhZ15cUFMmwMNPe0xI8deMS2tm1WzNcTDNtNfYppodSH1i64/slmAs4Re4HQEeMzoq3jg53ObmAtfR8fYHdBauvaXh0V1jKJ2kUXQpVeMqB0qLZqZf675NaOezjlSXOY994E3zWTukFSvyrM2TVkXyO28b65oURLXq/dUdctxTtvrrCMoORTFhnJSYwjfGa7YbQMrRFxLi5n7pKSJh9YPw7HYxsMmX89OQfkTdrU+J8HQhbYVvxlSOHBd1YkvcE1nhSGFoT6tGlVEiUGj0+rUg==', 'YLYIATDHIzAM+tanphDEuiboWFkAXiF/g6L6Ij5fypaIW9cu9DJFMNuaxBbM4OUIxnxtdfnXAP7Q0wgaCQz2twN0Q7IWZnQVUVABGScx0Q4jS699YVDQGeSF6YK4uumJwVl/EEKqorzIaS28R9p70c5fXZ7Nt1kled8Hnutc4IJ9A09EQ76cSTX3TUZTp3IHgMEDDSzHfwzsde5FJWcoQ/k0XP6y+gJYI4GvNnmP3O4KxOgszTPbNcGMOm+cc4+ouZ7XVtfSXnGf5j/M6UBH5EM50xZ052mjtIFqHOgTlFlIBTmSGzLGmg+3DchybwgdH3wGCmqW9bmWMSMRnTFhnA==', 'G1DIMu0SNlHz9TlvjLpI4oqcJcQSfcm1RIMUhixDzB5PcOZhlk9qDGbxgGDaPa+FzD8F00icI9MEZQ1MDXVNsnOGzND7GzfdbPXNuD/t4vHatQwxySpU8Yvf+4TYCImNiz4ixvMVxSnNOcglol6J4vel1Ptv2UjbDWG6XxuisbfvzHNGfHYFKLn4WEXp6/5QpqWLhetnKjiepJjAXud8gVWXmJUr5FpNEDuKl3Ow5BsY2X+intkfutWhJuFt66ATybh8QZ8o0vXmzl21wiik2MRlEUVw5IQZ1732Yc5143E30RlKy2NpIf+5TgoZY2EWq04aYcGX8fMs1otM5uizbg=='),
(165, 'dwdwdw', 'aves peligrosas', 'OIoncDrSQmm4YCkc2vYsmdwdKEnoJzHTIN5DUvqCN9rEgZq76FTdSOCgEXVIPsSLufFQiSP6YHX9pOWA9a3vsyxFJvp/6l95eFalSDHtTH/YmLmnbfOSJJlA69Qdg3KOWdyuOSmdUZRdXFx4fORQUTC3N/QDt1L6YyEkxgPpCQ/pJSlpc+DivTT5/02D4Jc+pJKYhCz8vWMyNZi/T8y0dKYB7T2ViZaJyh1MN+U5ysNft4acg00sVIndABYjGMaglBRkHXP+gmyHor32IlyvdwZMeOTVPlNZAGcAjdY/ZuxYewOvIQMGdDwyHabhBpZvihQ/gqwo+AbteyCT3oV76g==', 'ngKj1UDonF1oUMRndb85EstI80KjO4J0vfs+ZvLpRW7KJKYU+3D1uNXjNudKlMhSNa+7pP/px+dO5jrHg27GVnQRAvxqFjOeuZX3wcGFsvLvHXe5abuHUIiPcEFLUGGzgNzgUk4b9Z98sioMIfrbh22ciyXHh3D+v/7S1IC80rkcFpK2dDgZZ/UmUfFOyJp2mwfhcSoRp+WtJ2TVmXsYEr9Rt9ju5nPjM1YJwuCA7Tmbic2dv7AhIMgf3PnowqWmocnZioi/a1IhwdRKXFd0qeag9I6X9RrAatMKc5iolJkHPGOB4dNHqw4UUQ/DCBua6VP1Z1UNv6Z6vOb55vViaw==', 'GqGE0NBYpU8embuDO4FtiqrFlwqlTgB3GKvzvYYPDPaQQdbIwmaoFdHu0AjCiZyER+ZJMPjAdrCV2yX0S+IJnTNJfJhXqH3rbtPwKmHZO1gjTNg6luOuREHk0eCqdHlB+loGG9XK6O6dnpBd4julQnDUvDl5uq+6g4sk3LxzN/mHdL840uNJobX6eWnN8/RNB0kE1gtvwfji0dtAww3B5WfE1CCT585xGmfirkApQGBuYh6cORdYGBEv7h/ayw/eFphNz9faUjw8FF20UlCzOUAUlvym+DUlsiGbVv+RHgwrNnwNRiXnf7omdsPgsp1xasJt/nlKQ9tTZBCqbgSpBQ==');

-- --------------------------------------------------------

--
-- Estructura de tabla para la tabla `emparejamientos`
--

CREATE TABLE `emparejamientos` (
  `id` int(11) NOT NULL,
  `id_evento` int(11) NOT NULL,
  `atleta` int(11) NOT NULL,
  `ronda` varchar(10) NOT NULL
) ENGINE=InnoDB DEFAULT CHARSET=latin1;

--
-- Volcado de datos para la tabla `emparejamientos`
--

INSERT INTO `emparejamientos` (`id`, `id_evento`, `atleta`, `ronda`) VALUES
(161, 36, 56, '1'),
(162, 36, 55, '1'),
(163, 36, 57, '1'),
(164, 36, 53, '1'),
(165, 36, 52, '1'),
(166, 36, 54, '1'),
(167, 36, 51, '1'),
(168, 36, 56, '2'),
(169, 36, 57, '2'),
(170, 36, 52, '2'),
(171, 36, 56, '2'),
(172, 36, 57, '2'),
(173, 36, 52, '2'),
(174, 36, 56, '2'),
(175, 36, 57, '2'),
(176, 36, 52, '2'),
(179, 35, 46, '1'),
(180, 35, 50, '1'),
(181, 35, 45, '1'),
(182, 35, 46, '2'),
(183, 35, 45, '2'),
(184, 35, 45, '3'),
(185, 35, 45, '4');

-- --------------------------------------------------------

--
-- Estructura de tabla para la tabla `eventos`
--

CREATE TABLE `eventos` (
  `id` int(11) NOT NULL,
  `id_club` int(11) NOT NULL COMMENT 'llave foranea referenciada de tabla clubes',
  `nombre` varchar(40) NOT NULL,
  `fecha` date NOT NULL COMMENT 'fecha que se realizara el torneo',
  `hora` varchar(15) NOT NULL COMMENT 'hora del torneo',
  `responsable` varchar(50) NOT NULL COMMENT 'club que se hara responsable del torneo',
  `monto` varchar(20) NOT NULL COMMENT 'precio de inscripcion al torneo',
  `direccion` varchar(100) NOT NULL COMMENT 'ubicacion que se realizara el torneo ',
  `juez1` varchar(50) NOT NULL,
  `juez2` varchar(50) NOT NULL,
  `juez3` varchar(50) NOT NULL
) ENGINE=InnoDB DEFAULT CHARSET=latin1;

--
-- Volcado de datos para la tabla `eventos`
--

INSERT INTO `eventos` (`id`, `id_club`, `nombre`, `fecha`, `hora`, `responsable`, `monto`, `direccion`, `juez1`, `juez2`, `juez3`) VALUES
(9, 18, 'pelea nacionales', '2022-11-05', '19:30', '', '15$', 'barquisimeto', 'ramon', 'julio', 'riwel'),
(10, 18, 'peleasss', '2022-11-04', '11:18', '', '12.12', 'barquisimeto', 'ramon', 'jose miguel', 'riwel'),
(35, 88, 'Four15', '2023-04-20', '10:33', '', '10$', 'Asociacion artes marciales mixta lara', 'Carlos', 'Jesus', 'Ricardo'),
(36, 87, 'YZ24B10', '2023-04-12', '08:50', '', '18$', 'La miel', 'Diego', 'Luiz', 'Ruander'),
(37, 88, 'COD MOBILE', '2023-04-29', '10:11', '', '12$', 'obelisco', 'Ricardo', 'Braulio', 'Diego');

-- --------------------------------------------------------

--
-- Estructura de tabla para la tabla `informacion_medica`
--

CREATE TABLE `informacion_medica` (
  `id` int(11) NOT NULL,
  `id_atleta` int(11) NOT NULL COMMENT 'foranea referenciada de la tabla atletas',
  `medicamento` varchar(100) NOT NULL COMMENT 'medicamento que consume',
  `enfermedad` text NOT NULL COMMENT 'enfermedad que posea el atleta',
  `discapacidad` text NOT NULL COMMENT 'discapacidad que posea el atleta',
  `dieta` varchar(100) NOT NULL COMMENT 'si posee dieta alimenticia estricta',
  `enfermedades_pasadas` text NOT NULL COMMENT 'enfermedad que tuvo anteriormente el atleta',
  `nombre_parentesco` varchar(50) NOT NULL COMMENT 'nombre de persona encargada del atleta en caso de emergencia',
  `telefono_parentesco` varchar(20) NOT NULL COMMENT 'telefono en caso de emergencia',
  `tipo_parentesco` varchar(20) NOT NULL COMMENT 'relacion de la persona con el atleta'
) ENGINE=InnoDB DEFAULT CHARSET=latin1;

--
-- Volcado de datos para la tabla `informacion_medica`
--

INSERT INTO `informacion_medica` (`id`, `id_atleta`, `medicamento`, `enfermedad`, `discapacidad`, `dieta`, `enfermedades_pasadas`, `nombre_parentesco`, `telefono_parentesco`, `tipo_parentesco`) VALUES
(1, 3, 'ninguno', 'YrqxHy5TS/e5g61tyoKyJypvDM5dvOqx5SWYLgeuQIUwgLFRReH+MH7cBBA8BHUWML3k4lsjnICSDBsNn5eV7ElicWJlkL8GP5rXFInaB4+pxCXML6WxL5dsCWCFfxgMJKVrczmkShTuK8J/rdXTEfcnlfUrcapO1LBaGSpkQfAstwwlUspDO0JJAGcTkKZr397TN9wNVndpdR92XhRJ6P+WwyMFNSDFLz51FG4PK42FX1jfOdStzDg8DRhAEuasvOJAKoGjjFlZKIRo+CgCE9t4VsC52kHQeuhz4Xv+/pq9YJ2oGTh9XaQq3KUkbGG9Q+vQmr0GJoL298QLFKRbSg==', 'R2KJow7knfspUJD9YfWpL8MZ1CQM3cJmWHwCvYbZws2wEHxtjDrsuqREefgmClQLwiCke0iohAQqCduEL6eosWXPxmRZ3OMKz0xyXXQwfpQWkwH2H9w3MMrdIMsOgTMyvyP37Xh0IH/q9wBf0FfrGSoQi/HsncDwuQANg7lxdtCxNgpOBMp4LDxNZOIXVWZPREdRmazn5qwh9o7Svum62UAOlEKB44+2dvf2W8jkRWwPZBVYW7jHPMRf+OJJmYHgXqsb1OkYeVI0B6Epn98xyiN8A4lhr6n7hxZKq9Ym7O+Bh4dOW3F7Vi/ZDYUA02nsGmQHU9V/hgUnmrmdm5/TUQ==', 'arepa', 'Zuf4qTP8Z5iIp+hjUt9O2H2oR0xIzZKxDubzlEqpRGowBtSsscnme0x/mIKVQo2/nfZFwd6dG699IMwXDH/J/vvJFV6wVC3cjSnAAQazbnkV2OSjGApqWfFnLgv/nuYlvIwpN+49c2VqCIW1Uf1ecwRgATCa5764MRu+Ws9jzCpGpgMCLl6qHuaSRfNDZZ/N/GjSbjMv2UA3GYZ1tj6EFLhAHCPzGxGACHyk3uf1steaY5OCadDKm5MA58AGQxg50XGPXD5m7t8Ot5T41/kswLFaCxz/EFHaQHVcEbAWv2PJXVpm25pynUDP3rDaKuqchuZCYqfr9slLreUOPx2zpg==', 'pastora suarez', '04122448721', 'mamá'),
(10, 28, 'Hierro', 'WV5wZVqrTaP8qfj04YBdLTYAZpEVnAINuAXUHwgICdLGuK//19RE5LeE8jhBm5my3i+BUFmk98PpoErlcxcV9lSPKsOqbFJ3lfjM76WXjjp9MQhjkuCJO0vM4BQj19yMdaTN3DsPgfP5iDDp/OdIqSdDTjq+YK/Yn3otrRwrJi8uhDoGuR8Y9KYczdH7lUNIAkceIMl9zEDXjhKIMFE46HEKDGakeEAj+VBj0qyuREFD3kwUyxLX/ia+wUrY1S6O9im8BBUDksbmKMI6wNHLC+LVZZQUjZMlyu/fagmoeiW1vIIdUrURxDaEK+Hm8G1TpsQvdz2e8fc3ek7+kGJP1w==', 'l0yiVTujbF9SefkpJre7GhzpVdPpshhWzKZ7SHMjeV81N/IZJarCsJE5ZeAn74sB+Q5c9PNeDj3LfeCNYLKrNX9W2Fx+fp8dNTOPc8WByRAsxVaAhpoPcPqoHTD7wwQGRUZkRJSKRhfusGs95XX2jNPE3EvPHWzXLi29FVhug6uqkVX0eXZy65Sn0StHIO2XhaaixvjXRGxcRpz/XEZ6Wv2o6RZZjAtomjStCQwKb1t3l3UvK1YAfu3nXn2VS9touWtPV9WQxstUI8WeSX/EfR5FRTmclFP1iplY6YcRaySCyfU399QzdaASaO8WjpU5EUbOJmfl9ttHfCV6A26H3g==', 'Proteina', 'RXsnuhxUWkLeYUxJmIi3GeP03Xk7fDKUj9Wnc6maAVvINjTGIicHxbVMrlvO/TjT3BJk2ZLFSQln/ItepxsIWachP8OtaeVcN5UbY3cL0FZ9jp8C811EZOSEFKKenM54k9P0KFbcjdyyF6fyierualPZVWS7v017N8sgs+VBbw6Qe5q3WfEEvphlss2WFf2TSJsliqDCU98WjsbVedL6kDRos8RUmIGPpcRtJXDdoWEU4kcUNlx3m1fK258SO5uzn5ynQRJrll6tqsdLzvwtxCEOT1cy2aE/E4V2XeKUkpPW5kWBThvfiqm1ITP2jK0cR8jvRpiNWpdBP0NGQmaNHw==', 'Ruangel cuello', '02514477665', 'Hermano'),
(11, 29, 'Cloritomazol', 'YKau5ADyseVbj0cTdoXUb7T5Feis6B3dCgDxiyfpo+yctQrIDZerqvHNwgVwz+h1k7tAmm054UnUy3qVQlXyo00O5F0aoX9RU5P1bvSSJ2/TB97bne32H2cUcJuTlXSD0ubY9liy1qLse+oZ+5XSbnlWMevvXebZeOnNL5MREXJ2Np3orFdn3zQIvhNMfGYyR1O58OTIvO6zOBA3abnutzbpOhWhq2Te20FPzW8c8I3q9+q9WobgDWpFabyYgB2584t9K4HF1O4659g0KlZnHIRQVUfoKXPywI3aQBloNISHo0tz+Ix+HzpRhoqq5JE0wSn/v3glAb+kzB86I9G4LA==', 'hfcecg4PqC/+BiwdQW3sqS1lK1ZJLi0kmULIeSOJee0lLlPM/m1oTpmPZzc0uq4yWW0M6O9DxUv3mjr9E/RIcmxWKAvhrNnKFca9eYIpf8CWmFOonCtFbJezPvzEh9OptKCXq1/Lzk0DeBoAc0m32iouYtLxkCFX3pLbEoAc+IFW75RWZ4+j7T+JVvm7LXVjv3BJANZuwOBUTp4lDacY8xOS7TybrSCTjF4pmO7FaVBemdHhmBsWnQqQZDdTD2QKY89PrmjiMkfAyZj4Kycrjol36t9MU38gPmrq/xNkkkp/1rja91BadWRyUHO9QynG2hhn1Wk2pViOsh+NjMK3IQ==', 'ninguno', 'D19dxdTUg2/Gg1S+XyLL0sv/PusasG+eK6AxMyeiGQR0EGkgcUHcSmGPaHXPb9st7c/WkS2eL8gR537Xk5Q4wimGp7HzSLmNl6OiUuURPJkFoxE8D8YJnSfQ8tpobkYgSqq65mTBLm3/Qe023NxOtJc10xRPW3kgmVEzgefF8COWNJ59ByETQPblrhDIvzNzv+D6m1vRfw8+p+W0cEm+YFxgCMMubyP+TyBEkb3LI97yuZLaEs/WOwp/mhyZzWGD3bqYF52MO0o7GYoDb+bn6B8GLI1nDE2GMjagHYFniNN3nLTjyOC9DNVvoSaD/UTq9SwF7vYFQIFtgHg/AbYC5w==', 'Ruander', '04245673490', 'Hermano'),
(12, 30, 'ninguno', 'oSJkSJ0pmGgTT1u9dlQREKsOT4WE1T/P9Xc5kUQCN4f5gSODy87r/nKHvFVVUnqqPOwDS+zb0zSOwQJEvNHF7zaaEtYSAPH/HJoNqpjlEyZv0Eo2WsIDljrUx/55H3CbzocjlxBnLSQmpFg06gweYm3CBqw7vmTN926aGjFFP4dELdtSjYMqEc4tSedC6m478KOOWgteNiBjDl4xpegv9Z97MnH1+1/OyLPPPi1b2owdh2rhHnhKS6jVf0fFIZdCajG1OMc5WvDzenJkDfcl5nCymdPN/XpHKbiPK//D+PqvYOe1YEhLzdx2jWzvgFeJMH5lLFZArVg2lEX46Q5W3g==', 'ix048V5RqMaWjUQmI1IAbpwLY9ypax0W/f9Aa+sBmRGdQnSm6TuGKteLORdAJfEulg7GpL/vzvr7cnnVBc6BB0NMqZ1TZfx5lP/oyjP96N/O7hr57ePNXwVAQ6J1Nik1V0H9HTfNkyy8653I/3MYbasNTDphmclbcymgGHO5vr5Q/l734icGjUaXAolAZrHDiHn4ShDj9uinXy8QDjx5HIZWStqVsm7U8XY7BcLC8Aq4GTN2q8dBdMzStxvccoB2GQgwZZH1ttkSqSWAkFmTSEeDOKk+7ITpnZLyzIAuQTl+zoINT+6aPnUPIdFUw0pMouigV/Y4KDKLIqAoah56gg==', 'Sueros', 'XDdBQd+uiK+ivg7HHeXGlEPCrIJX8ocf4EBs6l1H3bKc9sGvvLeDeT82o+0iKrtKbZE0KuAUrZvYhP/UFtaoPl2z4UoemjEx8exIDmciNLbEcS8f4gCxrnOXgdQGt1OwJ+Ni4liwMSPMYn9LiHEqFWrMga5d+EMp4LC4l4QRi3hS5tkYBnSmmhFA4wafoOG8oxmLv5me9yWlSSf8SZu1/AlGgXSvs+zaihEDpW6kNXqZ06lXzH3028gnfEs0ytd+7ncJv+dN5n0NZfVYXzf7gJUB3bFuj09qLtEiwVsfTvVwGYslCQHx/1u4ZTsizZamKZ3bXldLw7qr9dJ5lmU6+A==', 'Carlos gomeaz', '04245678432', 'Entrenador'),
(13, 36, 'Ninguno', 'hkxJuby9P/UXwuNnSh4lZFsKYLj+FlFB9kUHlNx3eKogg8vt65D9b6wuyLQNcGu9+DUNw4qHXtB1MfKYbsujKLnky+lH6feihaEs0fJONGF/Hl1jpcUd0NI4k1zoQxomDF2c5i2+unNrLhCEU1lwZbUMDsZ/uZZKeD6kFELAzUEUBA/RaZ9KRT245/+cpjrIi83GZa1LsOIspvIkEHMmFKMX8GwfYNylwUgCiQQLFBO+b4/fdC96ktcYO6jVkgqNtqgX9ooHAwoCP+c7/rRpoitO1NmCUQT8xIYupUsG0E1iYN03ZKwnRa881ywqRS5OiU32BrdLTf9cWYVY/shFCw==', 'T0bPrWARXrroU+h0xFlA64kMefIxt/PgrW4jrU3rdOp7k5aL+yuwxWbEuvpKl4p2QwQtHWlYhtzSQ3Ydzjei9u8jAyk30QpblIOkWymooIXJhs/+v7EHfysEw6+IwIyIjutzOMokK8ARikE1/YR+Hocrdx4cMdy32M3rRJeRCJCG2cDAkAnbqPcBVdGF+2g6C6yaTiYgluwPTFXwmw9Z5lkh8ojAwmtCgVPJis1NO/gkcG9y3Wfb26Vk8zsFc1G+ZoDxp/hHfcVwR1RaP3svAVPSTE9Uq7ralUFqPPUJzDVa5DPgwdmILaIIAENNCGgX/jSsdYBXbqYwLT8AA8HixQ==', 'Vitaminas', 'X0fhdNa4mQV3NBNJzAwuT6ySqapvuE4+ytXURP9GNGbsrpJxSGx6dy+GKsb6baHp8ecxNKjiOX7JSHuniDFqbkTlWpT2Uv7HTJfId0aM6+TVmgg6nw5+iqb6aPJLiBOXgBoPxIOLS4aSJS3h4DVddaC6epLLkjmVqI3LUpeg5KInjTttdfuR+mLT3yjo34ZFPM0sCg0bpyeJ/RvrYKMWIGwmW4PIhmj9zLKCtnxHZhfj0QBLz84xh8kBmRqtZODqDvdkUFPcyW337fxpa3ZGlQnqbK3OsmSYu8/MZ7CdpKpA3rLYD0Gz5ZHNKC/EQJaaWGD3QjvBrB6BsfjMncTBtw==', 'Ricardo', '04245678954', 'Padre'),
(14, 33, 'Clorazepan', 'pcCcpM5ED204Jcqlmv5o96iOsH/cw9BuHF642bLU+AQdIY0gECgi7BuRLrXgrLCKp1eEo9tePUtT/qU/6+iV0Y3nhTnD2kviV8qUcOQ7/wnCYR99Jf+wT4paIFByJmxfL6b572DIt4Om0ZDsocbbYoWeZXc3S88Jbj5ymmUbFcAuq4loCU5Ffoy51UwFWvRxLbY1q8+bp9tL+g7IuGQrGQFvwKE5RPZdbLatXQk39Z5wZGiZdxhwWKJcpEwOfVUQ5K3B8nlkhcQLWGLkNMFaCfYaPNrs49p5sRvSCF7uXVaUOaN2610+J9z1s86x7ez7e+DUlBRAHe2cfkEeKIaYyw==', 'a6SOg6g9KH4caog5X4So//jSIxKP7fsxT5GHuT8oDJj4svlw7eoRe3SC3KaW2ORaB4GTptaA2xW2KehVNMnJskFOrT0UElF/3tKME0h8/YL42QbS6dhIgdcwhL3yjCM6nzilnZJAj2JI3C810/0g+Tpez5pp4SH+9Chw7FkbEz+CYfneIKETRSXF6TqYOxLp6YSxKOwIFxCn+Ohn7HFKSPGEmqZ52P7QTKXGhkyOChWb80rszXAq+u3sm74VbqGUn2qjMb1oneuLfidSx1aUjJ+oem67wxhko0o0qKGdofclF0AdOp3eyIpvRQdc610nQ7Sw8qnMFJJYjOsfkuJXbw==', 'alto en calorias', 'Q21F3Kc4TJg4TGnQOsvZlTIHuPgREcG7vdbJcEnu9BCMC/nVdzZeV/RZFRtqi4fmMqUh2FLElHjwzxcQnw6qfBe9UfMvn+Y42eSpUUVmTDSP0Myd7xWU57X4nadgDCzKszKqwTRaGv9LsGizaad8xTcs4KQ0ke5d2cdiCuekqrsmW0BAPP57r02GxfXUhwxgz/uabyB9uHOaxPvSrobU5TRoyk79xsdjUNAvANpYzyxdnxGgToqy3ZKUQwMC85nfAiQT/RXAR6YE7tllooaTYu3jOjdy1KQGRDyAsjPG+MDu+iMbYRsGR5AWOH5lLVS0MVcw/QwTf6yPkFWxEESlvg==', 'Mia ruiz', '04123438238', 'Madre'),
(15, 42, 'Diclofena', 'Jo0tV0/WBsOhaL/qc/zLQYjPPN+TxgN3XEyoECXznUA2L9jmYpS6FpAS0vOzR93UeYd0G19AR6IAIAMOL9EMGieLfjGJsII4/UH3kykPMuLciArAfeO0vJlu+ocL7M/7f/wm7Hbh1ILbBZB78kAduOfcy/IEmrEnknb92dHiDhd8EM/sRaGWa/JEr0maNaDtLJRfhvftuN87w/iBQ1nuQ4E5gRdsnFVCTvJ1A6K+dzsKiDSU6eOaDWwtIDeyYkyCwrXTRmSYeSUBuglPwocXyIvsgOT1aLkJWwR5U/t+HeCMnN++XPAcsV0KOhrThD9kZzNDYT6W3GLe/AfEuLa4IQ==', 'GwKvF5uLPlY/d3sQB4WXjdTZa/OCowIOfVLOvlJfvj98KG04LTCQTQhkZ9b/OvbPxwEZmo0PL3O+fOp3jam7QVIA4Lxfm/UDj5uk5r7C+Dyn91fp1WVGeIh9R2PHEcDz7K9WPLetQxkgpNW17kQ6Tifgkv/pdynLysSIkJR9VIgnHq6pgsaQA63QvdgrIkPlgcTZa+dgQZOcvvQcw4onaFg81VsPObAB703I1T0LYAN7NlE921J+SuOSAKZr5KngAEks/1O3uy2X6vXsEQ9CTsk9OXPVRV/ZHFgt4F1c5KdL4B22oXWiS/9fbFLUeEvWhSkpPlGL6mZTpDTu940fPg==', 'ninguno', 'GWMVXIYePcCUg4Leo9OG/M2e27u6QAp64JnNTtXDkGqN/tamgzrX4LsOrPtEmxv0atFgiS2zCxLPAgu6jIcjpVVWyCDDTxW6poKBDJRUQHbywjzGZxElqQrCxyxssphzWl7OD+o4Ql+v1eYFcP+6lNVA9elFnYjofLM/oa0r2LRb14LrqVQkBB5MVnOaOm9jrHi4U1Zx3QPR1JMmt1MyED4g+bd7OGbm1Dw+hxYkRpKXn4ZP0p8YRh+FbCcQUrq7Es+mwStg+bXsm8bNawES523wc2CisF18hBfkXgiZRFsmDcSXQryKNgEPwwoOUx24GIVw+Q5BXVyVlPP+6yBu9Q==', 'Maria', '04134546503', 'Madre'),
(16, 38, 'niguno', 'fHJA/dcZUm1tWjF6XD5CqG9hUB4shJ6O70WWawd3n0qhA+w+QnDsR7WAo9YV3r5EBpn6CMS3whi8J1OysHAq8vtt1jAIEqyHN7PZ5+cK6Qa3boWxE386N+u6WO3ucEn2EjAe8cSKHv997Ej9R0t1E6dh4XmbRP9BVsfJIRjRxpEBPaoProx6fkvBCEYdFiiuNAKn22sv8a8sXmvKErEQjaDuCMM+WLqtH3dlbM7cK/QugbEsuHnkpjqWd4YXZfIg4ydH8aQdZOmhg1cssdg9m2jPTbd4+31vMTFTooRF8YADXjVyv47iNeAlb0o9X5OZNXZFMbwtKqm/3bvwqjcWew==', 'ijYFS8tfXkMjjk1SKBw7lBZ8zLS0pyGKMw4qLE/d3/KWyvFoxU87mSUQcapRd+1VmuwJSS1gyPkyKWszP6Y6qRnypWSOssnT6vA3NwM++jLtBIwr4KYMbbRGv2Q7cjLK+BafKipFEKlaQfo5QM5w23HIrn6h7KEH+H0d8qCnW3Qe1wsWOhhOyMfUb8kdxdUPBcB7F7V/M9vMps2AVNaaS1sWPVlRRdKe0Q91OBk85ncM4WCSjhklf1ZXEWpBcqPyVScg7ixPU0BjZLDoelPHdo4RXvtReFJYUSM0EUFMi0yib7fUdcs4sQVc6jFq0Bv3Bbo7AXRvUXe6ih+hEJW06g==', 'bajo en grasas', 'Wy7RchQwEi386c6N1JyE34J+MB1bfdgHOy5njLI0nO23GF405JncRWjEssMhY0iVKGTgjWXd9CU0BVQdvEVrHGR20tVIhXiNBNARcnIxOIorDIHiKBleP/w9YpsQ8H5hAUy4JAdrdmMDjpCI3xojHJeNmgaXIweSvWSeDuraj0aK3g5JsTJC17+eYjfDojNSoSJmFfzntFx5MsMPV01RFv59Xjkesk06KnMevuyxYr0Vv6hT61GpF+I/eoFlfWamNAq/yTtLzTIQWrdrWbBj1sh/V3iV3GnJNqrxmmtZ5gGyrYWvAUF7qpUEEnUuQ7nKc7heeD0xFFEfHftnu4AZTw==', 'Roberto', '04145623456', 'Padre');

-- --------------------------------------------------------

--
-- Estructura de tabla para la tabla `informacion_socioeconomica`
--

CREATE TABLE `informacion_socioeconomica` (
  `id` int(11) NOT NULL,
  `id_atleta` int(11) NOT NULL,
  `tipo_vivienda` varchar(20) NOT NULL,
  `zona_vivienda` varchar(20) NOT NULL,
  `habitantes_hogar` varchar(20) NOT NULL,
  `internet` varchar(10) NOT NULL,
  `luz` varchar(10) NOT NULL,
  `agua` varchar(10) NOT NULL,
  `telefono_residencial` varchar(10) NOT NULL,
  `cable` varchar(10) NOT NULL,
  `propiedad_vivienda` varchar(20) NOT NULL
) ENGINE=InnoDB DEFAULT CHARSET=latin1;

--
-- Volcado de datos para la tabla `informacion_socioeconomica`
--

INSERT INTO `informacion_socioeconomica` (`id`, `id_atleta`, `tipo_vivienda`, `zona_vivienda`, `habitantes_hogar`, `internet`, `luz`, `agua`, `telefono_residencial`, `cable`, `propiedad_vivienda`) VALUES
(1, 3, 'Casa', 'Rural', '4', 'POSEE', 'POSEE', 'POSEE', 'NO POSEE', 'POSEE', 'Propia'),
(10, 37, 'Departamento', 'Rural', '2', 'POSEE', 'POSEE', 'POSEE', 'POSEE', 'POSEE', 'Propia'),
(11, 36, 'Casa', 'Urbana', '1', 'POSEE', 'POSEE', 'POSEE', 'NO POSEE', 'NO POSEE', 'Alquilada'),
(12, 32, 'Apartamento', 'Rural', '4', 'NO POSEE', 'POSEE', 'POSEE', 'NO POSEE', 'NO POSEE', 'Alquilada'),
(13, 30, 'Casa', 'Rural', '1', 'NO POSEE', 'NO POSEE', 'POSEE', 'NO POSEE', 'NO POSEE', 'Alquilada'),
(14, 35, 'Departamento', 'Urbana', '2', 'NO POSEE', 'NO POSEE', 'POSEE', 'NO POSEE', 'NO POSEE', 'Otro'),
(15, 28, 'Departamento', 'Rural', '7', 'POSEE', 'POSEE', 'POSEE', 'POSEE', 'POSEE', 'Propia'),
(16, 42, 'Departamento', 'Urbana', '3', 'NO POSEE', 'NO POSEE', 'POSEE', 'NO POSEE', 'NO POSEE', 'Propia'),
(17, 41, 'Casa', 'Rural', '1', 'POSEE', 'POSEE', 'NO POSEE', 'NO POSEE', 'POSEE', 'Propia'),
(18, 40, 'Casa', 'Urbana', '6', 'POSEE', 'POSEE', 'POSEE', 'NO POSEE', 'NO POSEE', 'Propia'),
(19, 39, 'Casa', 'Rural', '3', 'POSEE', 'POSEE', 'POSEE', 'POSEE', 'POSEE', 'Propia');

-- --------------------------------------------------------

--
-- Estructura de tabla para la tabla `inscripcion_evento`
--

CREATE TABLE `inscripcion_evento` (
  `id` int(11) NOT NULL,
  `id_evento` int(11) NOT NULL,
  `cedula` varchar(11) NOT NULL,
  `nombre` varchar(50) NOT NULL,
  `sexo` varchar(10) NOT NULL,
  `peso` varchar(15) NOT NULL,
  `fechadenacimiento` date NOT NULL,
  `estado` varchar(20) NOT NULL COMMENT 'estado/provincia'
) ENGINE=InnoDB DEFAULT CHARSET=latin1;

--
-- Volcado de datos para la tabla `inscripcion_evento`
--

INSERT INTO `inscripcion_evento` (`id`, `id_evento`, `cedula`, `nombre`, `sexo`, `peso`, `fechadenacimiento`, `estado`) VALUES
(2, 9, '29831184', 'Diego Aguilar', 'Masculino', '60', '2002-12-22', 'Lara'),
(3, 9, '2131231', 'luis', 'Masculino', '60', '2022-10-31', 'Lara'),
(9, 10, '29831184', 'Diego Aguilar', 'Masculino', '60', '2002-12-22', 'Lara'),
(10, 9, '29831186', 'jose ramon', 'Masculino', '60', '1999-11-12', 'Caracas'),
(11, 9, '29831187', 'miguel vasquez', 'Masculino', '60', '1989-03-12', 'Lara'),
(12, 9, '29831188', 'sebastian ramos', 'Masculino', '60', '1997-11-11', 'Lara'),
(14, 9, '28356556', 'Manuel Rodriguez', 'Masculino', '60', '2000-07-20', 'Sucre'),
(15, 9, '25656787', 'Carlos Belcast', 'Masculino', '61', '2000-12-20', 'Carabobo'),
(16, 9, '25677887', 'Miguel Tigre', 'Masculino', '60', '2000-06-20', 'Guarico'),
(18, 10, '25656787', 'Miguel Tigre', 'Masculino', '60', '2000-01-01', 'Monagas'),
(43, 35, '32722063', 'gregorio verde', 'Masculino', '65', '2006-01-07', 'Lara'),
(44, 35, '29831184', 'Diego Aguilar', 'Masculino', '60', '2002-12-22', 'Portuguesa'),
(45, 35, '45435345', 'joanna carrasco', 'Femenino', '64', '1976-04-23', 'Lara'),
(46, 35, '25235364', 'Elizabeth Martines', 'Femenino', '73', '2000-03-12', 'Aragua'),
(47, 35, '2345234', 'Henyerber', 'Masculino', '70', '2000-12-12', 'Lara'),
(48, 35, '2355235', 'Keyber daza', 'Masculino', '78', '1999-02-21', 'Lara'),
(49, 35, '5465464', 'Victor alfonso', 'Masculino', '64', '1998-02-23', 'Caracas'),
(50, 35, '4534533', 'Nicol', 'Femenino', '64', '2003-11-23', 'Merida'),
(51, 36, '25235364', 'Elizabeth Martines', 'Femenino', '73', '2000-03-12', 'Caracas'),
(52, 36, '45435345', 'joanna carrasco', 'Femenino', '64', '1976-04-23', 'Portuguesa'),
(53, 36, '4543534', 'leydi mejia', 'Femenino', '60', '1976-04-23', 'Trujillo'),
(54, 36, '4324234', 'Yoalis rosa', 'Femenino', '66', '2000-02-25', 'Lara'),
(55, 36, '2131231', 'Marugenia', 'Femenino', '59', '1997-02-12', 'Merida'),
(56, 36, '32432423', 'Yolieth', 'Femenino', '58', '2021-02-21', 'Cojedes'),
(57, 36, '3256465', 'Maricza', 'Femenino', '59', '2000-03-21', 'Lara'),
(58, 35, '24324552', 'Josmar flores', 'Masculino', '68', '1999-03-21', 'Barinas'),
(59, 36, '43543453', 'Pedro verde', 'Masculino', '56', '1998-03-21', 'Nueva Esparta'),
(60, 36, '45423242', 'Pepito', 'Masculino', '56', '1999-02-21', 'Lara');

-- --------------------------------------------------------

--
-- Estructura de tabla para la tabla `intermediaria`
--

CREATE TABLE `intermediaria` (
  `id` int(11) NOT NULL,
  `id_rol` int(11) NOT NULL,
  `id_modulos` int(11) NOT NULL,
  `consultar` varchar(5) NOT NULL,
  `registrar` varchar(5) NOT NULL,
  `modificar` varchar(5) NOT NULL,
  `eliminar` varchar(5) NOT NULL
) ENGINE=InnoDB DEFAULT CHARSET=latin1;

--
-- Volcado de datos para la tabla `intermediaria`
--

INSERT INTO `intermediaria` (`id`, `id_rol`, `id_modulos`, `consultar`, `registrar`, `modificar`, `eliminar`) VALUES
(1, 1, 1, 'true', 'true', 'true', 'true'),
(2, 1, 2, 'true', 'true', 'true', 'true'),
(3, 1, 3, 'true', 'true', 'true', 'true'),
(4, 1, 4, 'true', 'true', 'true', 'true'),
(5, 1, 5, 'true', 'true', 'true', 'true'),
(6, 1, 6, 'true', 'true', 'true', 'true'),
(7, 1, 7, 'true', 'true', 'true', 'true'),
(8, 1, 8, 'true', 'true', 'true', 'true'),
(9, 1, 9, 'true', 'true', 'true', 'true'),
(10, 1, 10, 'true', 'true', 'true', 'true'),
(11, 1, 11, 'true', 'true', 'true', 'true'),
(12, 1, 12, 'true', 'true', 'true', 'true'),
(13, 1, 13, 'true', 'true', 'true', 'true'),
(15, 1, 21, 'true', 'true', 'true', 'true'),
(16, 5, 1, 'true', 'true', 'true', 'true'),
(17, 5, 2, 'true', 'true', 'true', 'true'),
(18, 5, 3, 'true', 'true', 'true', 'true'),
(19, 5, 4, 'true', 'true', 'true', 'true'),
(20, 5, 5, 'true', 'true', 'true', 'true'),
(21, 5, 6, 'true', 'true', 'true', 'true'),
(22, 5, 10, 'true', 'true', 'true', 'true'),
(24, 5, 11, 'true', 'true', 'true', 'true'),
(25, 5, 12, 'true', 'true', 'true', 'true'),
(26, 5, 13, 'true', 'true', 'true', 'true'),
(28, 5, 15, 'true', 'true', 'true', 'true'),
(49, 12, 1, 'true', 'false', 'false', 'false'),
(50, 12, 3, 'true', 'false', 'false', 'false'),
(51, 12, 4, 'true', 'false', 'false', 'false'),
(52, 12, 5, 'true', 'false', 'false', 'false');

-- --------------------------------------------------------

--
-- Estructura de tabla para la tabla `modulos`
--

CREATE TABLE `modulos` (
  `id` int(11) NOT NULL,
  `nombre` varchar(50) NOT NULL
) ENGINE=InnoDB DEFAULT CHARSET=latin1;

--
-- Volcado de datos para la tabla `modulos`
--

INSERT INTO `modulos` (`id`, `nombre`) VALUES
(1, 'Gestionar Clubes'),
(2, 'Gestionar Personal'),
(3, 'Gestionar Atletas'),
(4, 'Gestionar Datos Medicos'),
(5, 'Gestionar Datos Socioeconomicos'),
(6, 'Gestionar Eventos'),
(7, 'Gestionar Usuarios'),
(8, 'Bitacora de Usuario'),
(9, 'Roles y Permisos'),
(10, 'Inscripcion a Evento'),
(11, 'Emparejamientos y Combates'),
(12, 'Resultados de Eventos'),
(13, 'Historial del Atleta'),
(15, 'Reporte de Atletas'),
(16, 'Reporte de Personal'),
(17, 'Reporte de Eventos'),
(18, 'Reporte de Resultados Eventos'),
(19, 'Reporte de Emparejamientos'),
(20, 'Reporte de Historial de Atletas'),
(21, 'Reportes');

-- --------------------------------------------------------

--
-- Estructura de tabla para la tabla `personal`
--

CREATE TABLE `personal` (
  `id` int(11) NOT NULL COMMENT 'id de tabla personal',
  `id_club` int(11) NOT NULL COMMENT 'foranea referenciada de la tabla clubes',
  `cedula` varchar(15) NOT NULL,
  `nombre` varchar(40) NOT NULL,
  `apellido` varchar(40) NOT NULL,
  `telefono` varchar(15) NOT NULL,
  `cargo` varchar(20) NOT NULL,
  `direccion` text NOT NULL COMMENT 'ubicacion de la vivienda'
) ENGINE=InnoDB DEFAULT CHARSET=latin1;

--
-- Volcado de datos para la tabla `personal`
--

INSERT INTO `personal` (`id`, `id_club`, `cedula`, `nombre`, `apellido`, `telefono`, `cargo`, `direccion`) VALUES
(1, 18, '14525135', 'jose', 'ramon', '04122535621', 'Entrenador', 'NGqbXtlNtEpAqBQ2EPJmg1byL+e0cSb9C0HdJqCdc3D6CewS3H6fBCqeMxhFZyQBpSV5z0JzVtRZfEN2fgfoD5EGjy/01/unzQEtUKkVTYWKysoE3F4GBUFk1vl4iIyDhrpOR70MGdH5dZx1RPcvnbqW1ooQYacOfkAHqOg9ST5uLtjzvvINSPXNO1DJuJoM5R5NS97i1709LKKyUDtEFlMN2QIA2TFxzTLiS3gp/4GvWPLSy0Hv+CMlzq9Eh34oZodUOgXMMoVwhPld9S3D0pKgLBo3ej4caBrGa5tZaAtEsCzQaCm3FiyMmzFnYF8t13eN2ui/NDKQZjSupjSuyA=='),
(10, 88, '15432785', 'Luisa Maria', 'Perez Rangel', '04167589012', 'Secretaria', 'a4P3SOJNXuPXv/aJQGpLfVOfZRGOi7ehiZh49XlQPi9xjrT9Q1k62eVm6U8wf3NBrleqepPxMwMcY2GAVFsy7imIccKfDnLAia/T+LjFdwsb6LrSuqDnqte+F8+07d74lf7/7m2KudSMIUjk2m6TTiMzI8pRep3MsuJF/BDfvMxz24LlBkkh3NC7Nl2al7KbEyzix8th5fWvJLQlsVynTi9uEE1vRc0UrnTvWQIb/ZlIgeEsGmn8/bVKkNkVWPH557XZnyN/IIuljHUYmgSgB5B+2ZZqnhuNvHW5tZeXRtYthQ76EhDYlnv2vMIZcO3+XsIjqDIo5BYEylyG63Z0og=='),
(11, 87, '7659325', 'Raul Marcos', 'Guimenez Lopez', '04260568894', 'Entrenador', 'bFb/YkCflLTcqogrA/e4ImEaJtWedMBtsDnw5IleO4sXyYcbO+bTPS0cEchyVq6glgOFSgjTrlkj/kD1tEl2eJJciXKxd1dmnq0y9D+vtt05voyoQ7BR/riK0iP/fHBH8BlctBOLoIaYmfCYLtueGWcxJEL179TA7caxcPG82yDX685nHF153VQadk3QDYHU7kQ+o1Uk2qb71RGEfDRj1yD7a7JIJM3g+Crju03V9mHwE/ZufhGf6qytdlhbs6koVjBJ74RM0himnQOGZkBa0LhDhP8bu2IXFXcuysKYcNK5fw2hwnJMF37AW5vUDrmztGfSMEYCyqcT/4LejUzZJA=='),
(12, 19, '7945745', 'Evanyhelis Sofia', 'Gonzales Lopez', '04145381436', 'Administrador', 'HkpqnSfW7DBF40rP8BKozqZdD0mL6v7WfFCuiQe9bcKFE9xggVZMMvSV/EeJKuyu+t8XcqMlr7wvZ1B5jVcq/LOYohnN3maMLPDf4doy+cjja1zj2GjmnFvobZM3FZRljmYhsVHIzr9b95k8WZ12gLDO4YSkSBELCx26Y0C/iO8nOxJ60TvpjaC3de4fKjfDBdEVrv2JYX9Rl/v+iGeGraHyL+p+zhTS9a2iDZxYydpgO0fC2z61ukpZVMmQGZGrduFykrzqbjiaYPqcKEOb5ruS0nOQVAOgy1xkWzyRNUdpZc1WX417NX/LvNk51Nf3+CZ25heoNhWOOXPME+iX8Q=='),
(13, 18, '28463265', 'Carlos gomez', 'Suarez', '04123468999', 'Entrenador', 'PbNR7ERpafzlnBE+JjTyRblZL1KmPP+wpFeBwJcOZ82vYVxkbYeWiENDG2YOWcytNR3B+ZkENfZb9uCZZb8TZOmYIoPabVUbcDQ4JuRsA5A3qQ2LFOOlXKK90buxJjY9sNv2ZZ9iuGDikkDLEFzAVktoQJTvzut+ypzwWJINjoPHPQONFS8Z5WenUfr/5ynBRqKkoC1oZ1vmkOPSZMRLAUA1nGp/+3qgqCcntkooJvez/sFV7o+zuw3J16FUljQILP6H/8Qbk8UyR9i8+Y45RC10VGUJaSvRMZyOd5kN+7zRLsKF2/O+luF+Q5/aJ4ecHIZTUZ591/OIqaL/Usuejw=='),
(14, 19, '7403322', 'Mireya', 'peña', '02514476519', 'Secretaria', 'Qo/ACNPCj5ZAfgLmNHGE6BUbSGwXV6D5nCZw95/rlFYBgEO/VDR/pIXMpx5tD1Ltcssc4rRO02o1MyDJJ5slCXJN7PnPw39of2b7TQg2xzxzhcTIDaLM4KK1tkRtKa2gSCbSuBrPKxk0sGR71cchVY3ZrYEPp0EmbpD541cvLrcu1F457HzB6CJPUVDK3Odvw+fBIUbWwpHZcWuwwUfxjHFTO0PPxqOjtxhTR7NIOISZGSAWsJaK/EWHE3KWSIDBM6NZRMGHgyJuUO0E7wdm0nmp7zOafwsOPY4ndApZaSsuYCNe7aZXMZ6R54Au81a9hrrzLAf2u3bb/Df8O+hrvA=='),
(15, 87, '8543336', 'Vanesa', 'verde', '04145678934', 'Secretaria', 'gpDSIgpXCfKkOtqev01gofTZ0BYDnjck0qqwmvvwG9REqWzh66XTK5mMKiZDZjmMTzGZ+U4StXffOJ6AnUYqA5t5CEduru7HufU3uij6w/mXwVgdUqedbGvc4KruXeOq5ggADOhKTZjhxnjkU7f1FHDv2oD3XefjTrg8C9Qno9hIeJ8h7DXnI444AZCBJx5OyDY56kbdxkHRbzD+W1Z/2GQCxwwz/tie6w+/Aq1RbkfJNm+qgTNn1/r5FFER48LaKUtcGFzs5lXRmQz8xc/S0LzK0t51oij+cAJ0WxCkELNcVHDcmppaT5dj09To6iwmAw2z3FEu1CB752AlLHLCZg=='),
(16, 88, '17034388', 'Carmen', 'rojas', '04246784566', 'Secretaria', 'el1Tq9BlcdmTOxFfRDE3AIB9umcvwqXtG65sKi9vQTyCDFbPyPDOYhU196Jk/W4+bPrWsDdwpx1OUIhHyin06iAB/EvbGYG1Cb98xjsbwdIPw1InDdJ4hCbVEisISX5x52bFnB6Qkn+hCfeNo9baOkhjvVpKdM/CckPoAz7EHybcbMaMKltEP6BY/DET8Mc6IAYia32NfHw+ZEdjXWMKLV/rd38uv3x3HrQdBVid3Y4fO+XEsAIwrLYN5XOmz6/ocZYfDjyXN4j180HS6neF+blwbTdPMVOtKid6Sb4YA5dt1mbMH8VTZONeXgjY1nf166plEi3LEICpnRFrBO6FHg=='),
(17, 87, '12312311', 'Carlos', 'mujica', '04148658694', 'Administrador', 'N8q5EBiaAsp/Va1ogzZx60y+3jg5b8+xqcgwfP/Cc9c8fSVzM137CbFwcHNp7+NNuduAjdmOIoTyMLeb7WVUEVdEmy1hCn1lwR7UMJ0/SeC9eGgmQ0ugpWknARJxQRfpYHxc1q+Xi7i9T+bB0qIgMT/2d8cMQ8Ptm5uAruXfLzJeG/lJF5XB4Qgazv044TfN63eexNwXR3FqKayH+HKiE+0XIlCsDoLbUx4wZPIL4cG7tiV0BdKUSD7QVZuLFCE5egsreu+r23oTr6DGeOBoJmPf9XAO3s0ZZ00ycr01Cw2ruPJhPKWBH6dOxw0L0NFbQyssonFMrQ1wCVgv536XQw=='),
(18, 18, '32432533', 'Angel', 'Delgado', '04145696032', 'Entrenador', 'GEu5XbfoRFuYZjXWsdUZog8vB5qdOPPICKC2yp4XDTqd/F7+0g1sPG6ozKwxa7sLA8Wd7BKz1kWTzzseDCJDcVYv4drMbpS4bIJ+25ufVsm/rLARVMZZkJ5yKXl7P5yXTcO6cMYSbpW5JifBsOL/IQcrWTgXJyfXY3W7SgWuBPApcXYPfkeYQDrm8oxaiARX5yx3eIv7XWQt9ETuqg/d4UciDaPMjXqnRLRm/bsvJl7dgViMK7SNyJqSCfVGAJttNQHa2IKnrbPwjLre/8+EnHCMTqOZ1Ot4e5ESwpponoeOtwqdPYW40m1BGMC4vSvmE0+rQpah90/za5GrxtgXcw=='),
(19, 88, '35236243', 'Cesar', 'verde', '02514478645', 'Administrador', 'sY7j0Wli5WzpPuNzkiG44WOz9wvnrg2/wBsYPSVFZUziM1kF1fXFmq2hMc/reFqJcvT4Yg75clqOv/utjk+/tXPiy8AAtinG7L7yQyf7ir57/nJodtcQMgiUXYcKrP4sYhGmN2QMHa4MqFQHj9RJcG2IPKQXefSsHVyM+oX62o43OTzThB6lG+xLt/Mah3eM1VPqOtmwZzRqgZ4VYGARw/gWbPGVyL4j+XRTSLJsj0kSCiA8xCeOq3kDPZWqnihbvfHPRapYWC0QaIcI+uYkaK1V242Uv0ZR232GHqbgTJW/eizOXiFVBoiEIXv3XDO3ojkxTJ4avG4Q92auMbNhCg=='),
(20, 87, '30591237', 'luis', 'perdomo', '67844211243', 'Administrador', 'UOfY4h7l9BvSmuq20k/o8k1cW7zHt6c5Hzo0JaKTrH0HIKdtJbdttmyswLwFmfzDjerFTbSTdjbusqT68f0vrqa9dMc19AJkNfY1HYas9/de7e0ytp/y1Yk74+Wui/8bbiciCqASRgDzRolYEMXh1nnaLG/0XANQxiUWInHFHcqJf0HxEwypspEx0Fwl68EeGu9ebCM9N6KW5XVeqm1DSqdH9rWIiv35JFXFQMPWFO+X3uq5gd8snx3i92iznbyHhwWuuKi5y66RhCNAiBE+qzF9xG3hUmrrqfL67eC3FkGbLlodEiLD6C5+hHm+/Wp5s0q4IApZmqSBcLGtestgQw=='),
(21, 19, '14351513', 'jose', 'pereira', '04122355522', 'Administrador', 'FkcKYn2Tz7weSjUbzoDesNXXz5yjHl55StwiW8pO6XPlSqJ3AfrM+TQBerlePvlLPgIEyAgFl3OW3iSs6sF7PFS2LRkh0z2ful6XPJtKYr3QjQPoyQ/sNqzUjsKS/u6YHgnebYl9BtCcespMvjvkVjxDRmfEJiEbdG77nJGnQODImICWjXUvA5LXUfvJrHuxivrMLAT5T+9czEh53LBxGSFkZX0K3HD4nhVAuHvzRwFjhL8s7yQztx9Xf8O6uKF5gW5mCyTqyITG2ylqwiNrea0gXRNmnruCEiZfiz77iyCQlEUHu3UOTPbz2C/TbKP151FDkJgpcihUZaXdASpgbw==');

-- --------------------------------------------------------

--
-- Estructura de tabla para la tabla `personal_clubes`
--

CREATE TABLE `personal_clubes` (
  `id_clubes` int(11) NOT NULL COMMENT 'clave foranea de tabla clubes',
  `id_personal` int(11) NOT NULL COMMENT 'clave foranea de tabla personal'
) ENGINE=InnoDB DEFAULT CHARSET=latin1;

-- --------------------------------------------------------

--
-- Estructura de tabla para la tabla `resultados`
--

CREATE TABLE `resultados` (
  `id` int(11) NOT NULL,
  `id_evento` int(11) NOT NULL,
  `atleta1` int(11) NOT NULL COMMENT 'peleador 1',
  `atleta2` int(11) NOT NULL COMMENT 'peleador 2',
  `forma_ganar` varchar(20) NOT NULL,
  `ronda` varchar(10) NOT NULL
) ENGINE=InnoDB DEFAULT CHARSET=latin1;

-- --------------------------------------------------------

--
-- Estructura de tabla para la tabla `roles`
--

CREATE TABLE `roles` (
  `id` int(11) NOT NULL,
  `nombre` varchar(20) NOT NULL COMMENT 'nombre de rol de usuario',
  `descripcion` varchar(250) NOT NULL COMMENT 'descripcion del rol'
) ENGINE=InnoDB DEFAULT CHARSET=latin1;

--
-- Volcado de datos para la tabla `roles`
--

INSERT INTO `roles` (`id`, `nombre`, `descripcion`) VALUES
(1, 'Super Usuario', 'Administra absolutamente todo el sistema sin ninguna restricción'),
(5, 'Administrador', 'Puede acceder a casi todos los modulos excepto de seguridad'),
(12, 'Invitado', 'solo puede visualizar ciertos modulos');

-- --------------------------------------------------------

--
-- Estructura de tabla para la tabla `usuarios`
--

CREATE TABLE `usuarios` (
  `cedula` int(11) NOT NULL,
  `id_rol` int(11) NOT NULL,
  `nombre` varchar(50) NOT NULL COMMENT 'nombre del usuario',
  `contrasena` varchar(250) NOT NULL,
  `correo` varchar(50) NOT NULL,
  `token` text NOT NULL COMMENT 'token de usuario',
  `token_contrasena` text COMMENT 'token generado para cambio de contrasena',
  `solicitud_contrasena` int(11) DEFAULT NULL COMMENT 'solicitud de cambio de contrasena'
) ENGINE=InnoDB DEFAULT CHARSET=latin1;

--
-- Volcado de datos para la tabla `usuarios`
--

INSERT INTO `usuarios` (`cedula`, `id_rol`, `nombre`, `contrasena`, `correo`, `token`, `token_contrasena`, `solicitud_contrasena`) VALUES
(29604245, 1, 'Ruander Cuello', '$2y$12$2/zNAJ7Q24Qk0mx/pJ8mZeu00bjyK9MN/KDEsEm1SeUQGE6G8kSxS', 'ruander@gmail.com', '2ab7b2ba94b6be0b945f024864bf4a7a', '', 0),
(29831184, 1, 'Diego Aguilar', '$2y$12$3cDdVUUVElEWwXtdba3FBO33uje5wIfbqI/kF3oOo/y.qBGiuLSnu', 'diegoaguilar221202@gmail.com', '3c3548f7d26a892b08faefaa1cfca4b4', '', 0),
(29945099, 1, 'Cirez Barriga', '$2y$12$/lOpjy0T8sMSBqViwrJMc.f9NbqF91aIS9Civ2/iWpGU60F0q7MV2', 'cirez@gmail.com', '345174499fb6560ca975c6fff94a4006', '', 0),
(30591237, 1, 'Luis Perdomo', '$2y$12$8ODK2sJJfrCKs.t.NY7S0eaH9qWqOcZsva4ka8.SgOcwGHxHT1yru', 'luis@gmail.com', '968cd41c18b96a40e68d4c18786925cb', '5ecafa62290f9361d47533929eb54611', 1),
(31027594, 12, 'Jermain Silva', '$2y$12$DP6ZHhIajW4u145IONtWwONYpu9CsLddD1u.4I/8d4JpAHrDjr6kG', 'rodriguezjermain24@gmail.com', '508b1dd41091b5d05527845116a4f899', '4b3545ffee56d971322d0fea8d75ba8f', 1);

--
-- Índices para tablas volcadas
--

--
-- Indices de la tabla `atletas`
--
ALTER TABLE `atletas`
  ADD PRIMARY KEY (`id`),
  ADD UNIQUE KEY `cedula` (`cedula`),
  ADD KEY `FK_id_club` (`id_club`);

--
-- Indices de la tabla `bitacora_usuario`
--
ALTER TABLE `bitacora_usuario`
  ADD PRIMARY KEY (`id`),
  ADD KEY `fk_id_usuario` (`cedula_usuario`),
  ADD KEY `fk_id_modulo` (`id_modulo`);

--
-- Indices de la tabla `clubes`
--
ALTER TABLE `clubes`
  ADD PRIMARY KEY (`id`);

--
-- Indices de la tabla `emparejamientos`
--
ALTER TABLE `emparejamientos`
  ADD PRIMARY KEY (`id`),
  ADD KEY `FK_id_inscripcion` (`id_evento`);

--
-- Indices de la tabla `eventos`
--
ALTER TABLE `eventos`
  ADD PRIMARY KEY (`id`),
  ADD KEY `FK_id_club` (`id_club`);

--
-- Indices de la tabla `informacion_medica`
--
ALTER TABLE `informacion_medica`
  ADD PRIMARY KEY (`id`),
  ADD KEY `FK_id_atleta` (`id_atleta`);

--
-- Indices de la tabla `informacion_socioeconomica`
--
ALTER TABLE `informacion_socioeconomica`
  ADD PRIMARY KEY (`id`),
  ADD KEY `FK_id_atleta` (`id_atleta`);

--
-- Indices de la tabla `inscripcion_evento`
--
ALTER TABLE `inscripcion_evento`
  ADD PRIMARY KEY (`id`),
  ADD KEY `FK_id_club` (`id_evento`);

--
-- Indices de la tabla `intermediaria`
--
ALTER TABLE `intermediaria`
  ADD PRIMARY KEY (`id`),
  ADD KEY `fk_id_rol` (`id_rol`),
  ADD KEY `fk_id_modulos` (`id_modulos`);

--
-- Indices de la tabla `modulos`
--
ALTER TABLE `modulos`
  ADD PRIMARY KEY (`id`);

--
-- Indices de la tabla `personal`
--
ALTER TABLE `personal`
  ADD PRIMARY KEY (`id`),
  ADD UNIQUE KEY `cedula` (`cedula`),
  ADD KEY `FK_id_club` (`id_club`);

--
-- Indices de la tabla `personal_clubes`
--
ALTER TABLE `personal_clubes`
  ADD KEY `FK_id_club` (`id_clubes`),
  ADD KEY `FK_id_personal` (`id_personal`);

--
-- Indices de la tabla `resultados`
--
ALTER TABLE `resultados`
  ADD PRIMARY KEY (`id`),
  ADD KEY `FK_id_evento` (`id_evento`);

--
-- Indices de la tabla `roles`
--
ALTER TABLE `roles`
  ADD PRIMARY KEY (`id`);

--
-- Indices de la tabla `usuarios`
--
ALTER TABLE `usuarios`
  ADD PRIMARY KEY (`cedula`),
  ADD KEY `fk_id_rol` (`id_rol`);

--
-- AUTO_INCREMENT de las tablas volcadas
--

--
-- AUTO_INCREMENT de la tabla `atletas`
--
ALTER TABLE `atletas`
  MODIFY `id` int(11) NOT NULL AUTO_INCREMENT, AUTO_INCREMENT=57;

--
-- AUTO_INCREMENT de la tabla `bitacora_usuario`
--
ALTER TABLE `bitacora_usuario`
  MODIFY `id` int(11) NOT NULL AUTO_INCREMENT, AUTO_INCREMENT=176;

--
-- AUTO_INCREMENT de la tabla `clubes`
--
ALTER TABLE `clubes`
  MODIFY `id` int(11) NOT NULL AUTO_INCREMENT COMMENT 'id de tabla clubes', AUTO_INCREMENT=166;

--
-- AUTO_INCREMENT de la tabla `emparejamientos`
--
ALTER TABLE `emparejamientos`
  MODIFY `id` int(11) NOT NULL AUTO_INCREMENT, AUTO_INCREMENT=186;

--
-- AUTO_INCREMENT de la tabla `eventos`
--
ALTER TABLE `eventos`
  MODIFY `id` int(11) NOT NULL AUTO_INCREMENT, AUTO_INCREMENT=38;

--
-- AUTO_INCREMENT de la tabla `informacion_medica`
--
ALTER TABLE `informacion_medica`
  MODIFY `id` int(11) NOT NULL AUTO_INCREMENT, AUTO_INCREMENT=17;

--
-- AUTO_INCREMENT de la tabla `informacion_socioeconomica`
--
ALTER TABLE `informacion_socioeconomica`
  MODIFY `id` int(11) NOT NULL AUTO_INCREMENT, AUTO_INCREMENT=20;

--
-- AUTO_INCREMENT de la tabla `inscripcion_evento`
--
ALTER TABLE `inscripcion_evento`
  MODIFY `id` int(11) NOT NULL AUTO_INCREMENT, AUTO_INCREMENT=61;

--
-- AUTO_INCREMENT de la tabla `intermediaria`
--
ALTER TABLE `intermediaria`
  MODIFY `id` int(11) NOT NULL AUTO_INCREMENT, AUTO_INCREMENT=53;

--
-- AUTO_INCREMENT de la tabla `modulos`
--
ALTER TABLE `modulos`
  MODIFY `id` int(11) NOT NULL AUTO_INCREMENT, AUTO_INCREMENT=22;

--
-- AUTO_INCREMENT de la tabla `personal`
--
ALTER TABLE `personal`
  MODIFY `id` int(11) NOT NULL AUTO_INCREMENT COMMENT 'id de tabla personal', AUTO_INCREMENT=22;

--
-- AUTO_INCREMENT de la tabla `resultados`
--
ALTER TABLE `resultados`
  MODIFY `id` int(11) NOT NULL AUTO_INCREMENT;

--
-- AUTO_INCREMENT de la tabla `roles`
--
ALTER TABLE `roles`
  MODIFY `id` int(11) NOT NULL AUTO_INCREMENT, AUTO_INCREMENT=13;

--
-- Restricciones para tablas volcadas
--

--
-- Filtros para la tabla `atletas`
--
ALTER TABLE `atletas`
  ADD CONSTRAINT `atletas_idfk_1` FOREIGN KEY (`id_club`) REFERENCES `clubes` (`id`) ON DELETE CASCADE;

--
-- Filtros para la tabla `bitacora_usuario`
--
ALTER TABLE `bitacora_usuario`
  ADD CONSTRAINT `cedula_usuario_fk` FOREIGN KEY (`cedula_usuario`) REFERENCES `usuarios` (`cedula`) ON DELETE CASCADE ON UPDATE CASCADE,
  ADD CONSTRAINT `id_modulo_fk` FOREIGN KEY (`id_modulo`) REFERENCES `modulos` (`id`);

--
-- Filtros para la tabla `emparejamientos`
--
ALTER TABLE `emparejamientos`
  ADD CONSTRAINT `emparejamientos_idfk_1` FOREIGN KEY (`id_evento`) REFERENCES `inscripcion_evento` (`id_evento`) ON DELETE CASCADE ON UPDATE CASCADE;

--
-- Filtros para la tabla `eventos`
--
ALTER TABLE `eventos`
  ADD CONSTRAINT `eventos_idfk1` FOREIGN KEY (`id_club`) REFERENCES `clubes` (`id`);

--
-- Filtros para la tabla `informacion_medica`
--
ALTER TABLE `informacion_medica`
  ADD CONSTRAINT `informacion_medica_idfk_1` FOREIGN KEY (`id_atleta`) REFERENCES `atletas` (`id`);

--
-- Filtros para la tabla `informacion_socioeconomica`
--
ALTER TABLE `informacion_socioeconomica`
  ADD CONSTRAINT `informacion_socioeconomica_idfk_1` FOREIGN KEY (`id_atleta`) REFERENCES `atletas` (`id`);

--
-- Filtros para la tabla `inscripcion_evento`
--
ALTER TABLE `inscripcion_evento`
  ADD CONSTRAINT `inscripcion_idfk1` FOREIGN KEY (`id_evento`) REFERENCES `eventos` (`id`) ON DELETE CASCADE ON UPDATE CASCADE;

--
-- Filtros para la tabla `intermediaria`
--
ALTER TABLE `intermediaria`
  ADD CONSTRAINT `id_modulos_fk` FOREIGN KEY (`id_modulos`) REFERENCES `modulos` (`id`) ON DELETE CASCADE ON UPDATE CASCADE,
  ADD CONSTRAINT `id_rol_fk` FOREIGN KEY (`id_rol`) REFERENCES `roles` (`id`) ON DELETE CASCADE ON UPDATE CASCADE;

--
-- Filtros para la tabla `personal_clubes`
--
ALTER TABLE `personal_clubes`
  ADD CONSTRAINT `personal_clubes_idfk_1` FOREIGN KEY (`id_clubes`) REFERENCES `clubes` (`id`) ON UPDATE CASCADE,
  ADD CONSTRAINT `personal_clubes_idfk_2` FOREIGN KEY (`id_personal`) REFERENCES `personal` (`id`) ON UPDATE CASCADE;

--
-- Filtros para la tabla `resultados`
--
ALTER TABLE `resultados`
  ADD CONSTRAINT `resultados_idfk1` FOREIGN KEY (`id_evento`) REFERENCES `emparejamientos` (`id_evento`) ON DELETE CASCADE ON UPDATE CASCADE;

--
-- Filtros para la tabla `usuarios`
--
ALTER TABLE `usuarios`
  ADD CONSTRAINT `rol_fk` FOREIGN KEY (`id_rol`) REFERENCES `roles` (`id`);
COMMIT;

/*!40101 SET CHARACTER_SET_CLIENT=@OLD_CHARACTER_SET_CLIENT */;
/*!40101 SET CHARACTER_SET_RESULTS=@OLD_CHARACTER_SET_RESULTS */;
/*!40101 SET COLLATION_CONNECTION=@OLD_COLLATION_CONNECTION */;
